month_id,denumire_produs,TOTAL IPC (%),IPC Marfuri alimentare (%),IPC Marfuri nealimentare (%),IPC Servicii (%),Inflatie(de la o luna la alta),Inflatie anuala,unnemployment,net_average_salary,sales
2019-01-01,apa_plata,100.83,101.3,100.63,100.57,0.8299999999999983,3.8,1.42,2936,4607.36
2019-01-01,bere,100.83,101.3,100.63,100.57,0.8299999999999983,3.8,1.42,2936,395.56
2019-01-01,cafea,100.83,101.3,100.63,100.57,0.8299999999999983,3.8,1.42,2936,2896.35
2019-01-01,carnati,100.83,101.3,100.63,100.57,0.8299999999999983,3.8,1.42,2936,1017.35
2019-01-01,frigider,100.83,101.3,100.63,100.57,0.8299999999999983,3.8,1.42,2936,13.84
2019-01-01,lapte,100.83,101.3,100.63,100.57,0.8299999999999983,3.8,1.42,2936,5339.9
2019-01-01,legume,100.83,101.3,100.63,100.57,0.8299999999999983,3.8,1.42,2936,1802.61
2019-01-01,masina_de_spalat,100.83,101.3,100.63,100.57,0.8299999999999983,3.8,1.42,2936,14.84
2019-01-01,orez,100.83,101.3,100.63,100.57,0.8299999999999983,3.8,1.42,2936,1969.4299999999998
2019-01-01,oua,100.83,101.3,100.63,100.57,0.8299999999999983,3.8,1.42,2936,3191.59
2019-01-01,paste,100.83,101.3,100.63,100.57,0.8299999999999983,3.8,1.42,2936,198.11
2019-01-01,peste,100.83,101.3,100.63,100.57,0.8299999999999983,3.8,1.42,2936,513.0600000000001
2019-01-01,pizza,100.83,101.3,100.63,100.57,0.8299999999999983,3.8,1.42,2936,2474.98
2019-01-01,racoritaore,100.83,101.3,100.63,100.57,0.8299999999999983,3.8,1.42,2936,1108.46
2019-01-01,servetele,100.83,101.3,100.63,100.57,0.8299999999999983,3.8,1.42,2936,1183.13
2019-01-01,ulei_soare,100.83,101.3,100.63,100.57,0.8299999999999983,3.8,1.42,2936,3519.02
2019-02-01,apa_minerala,100.79,101.27,100.57,100.55,0.7900000000000063,3.8,3.32,2933,5.82
2019-02-01,apa_plata,100.79,101.27,100.57,100.55,0.7900000000000063,3.8,3.32,2933,5115.91
2019-02-01,aspirator,100.79,101.27,100.57,100.55,0.7900000000000063,3.8,3.32,2933,188.99
2019-02-01,bere,100.79,101.27,100.57,100.55,0.7900000000000063,3.8,3.32,2933,295.26
2019-02-01,cafea,100.79,101.27,100.57,100.55,0.7900000000000063,3.8,3.32,2933,2469.45
2019-02-01,carnati,100.79,101.27,100.57,100.55,0.7900000000000063,3.8,3.32,2933,1052.8
2019-02-01,frigider,100.79,101.27,100.57,100.55,0.7900000000000063,3.8,3.32,2933,53.45
2019-02-01,lapte,100.79,101.27,100.57,100.55,0.7900000000000063,3.8,3.32,2933,5734.66
2019-02-01,legume,100.79,101.27,100.57,100.55,0.7900000000000063,3.8,3.32,2933,2377.92
2019-02-01,orez,100.79,101.27,100.57,100.55,0.7900000000000063,3.8,3.32,2933,2372.65
2019-02-01,oua,100.79,101.27,100.57,100.55,0.7900000000000063,3.8,3.32,2933,2520.09
2019-02-01,paste,100.79,101.27,100.57,100.55,0.7900000000000063,3.8,3.32,2933,130.38
2019-02-01,peste,100.79,101.27,100.57,100.55,0.7900000000000063,3.8,3.32,2933,497.41
2019-02-01,pizza,100.79,101.27,100.57,100.55,0.7900000000000063,3.8,3.32,2933,1952.6
2019-02-01,racoritaore,100.79,101.27,100.57,100.55,0.7900000000000063,3.8,3.32,2933,1000.24
2019-02-01,servetele,100.79,101.27,100.57,100.55,0.7900000000000063,3.8,3.32,2933,1134.3
2019-02-01,ulei_soare,100.79,101.27,100.57,100.55,0.7900000000000063,3.8,3.32,2933,3876.9
2019-03-01,apa_minerala,100.49,100.48,100.54,100.4,0.4899999999999949,3.8,3.31,3075,123.75
2019-03-01,apa_plata,100.49,100.48,100.54,100.4,0.4899999999999949,3.8,3.31,3075,4926.3
2019-03-01,bere,100.49,100.48,100.54,100.4,0.4899999999999949,3.8,3.31,3075,520.7
2019-03-01,cafea,100.49,100.48,100.54,100.4,0.4899999999999949,3.8,3.31,3075,2624.91
2019-03-01,carnati,100.49,100.48,100.54,100.4,0.4899999999999949,3.8,3.31,3075,1522.25
2019-03-01,frigider,100.49,100.48,100.54,100.4,0.4899999999999949,3.8,3.31,3075,34.24
2019-03-01,lapte,100.49,100.48,100.54,100.4,0.4899999999999949,3.8,3.31,3075,5106.57
2019-03-01,legume,100.49,100.48,100.54,100.4,0.4899999999999949,3.8,3.31,3075,2387.5299999999997
2019-03-01,masina_de_spalat,100.49,100.48,100.54,100.4,0.4899999999999949,3.8,3.31,3075,14.84
2019-03-01,orez,100.49,100.48,100.54,100.4,0.4899999999999949,3.8,3.31,3075,2056.41
2019-03-01,oua,100.49,100.48,100.54,100.4,0.4899999999999949,3.8,3.31,3075,3217.99
2019-03-01,paste,100.49,100.48,100.54,100.4,0.4899999999999949,3.8,3.31,3075,292.66999999999996
2019-03-01,peste,100.49,100.48,100.54,100.4,0.4899999999999949,3.8,3.31,3075,574.26
2019-03-01,pizza,100.49,100.48,100.54,100.4,0.4899999999999949,3.8,3.31,3075,2359.5099999999998
2019-03-01,racoritaore,100.49,100.48,100.54,100.4,0.4899999999999949,3.8,3.31,3075,1155.07
2019-03-01,servetele,100.49,100.48,100.54,100.4,0.4899999999999949,3.8,3.31,3075,896.4300000000001
2019-03-01,ulei_soare,100.49,100.48,100.54,100.4,0.4899999999999949,3.8,3.31,3075,3003.25
2019-04-01,apa_minerala,100.61,100.68,100.53,100.72,0.6099999999999994,3.8,3.19,3115,123.75
2019-04-01,apa_plata,100.61,100.68,100.53,100.72,0.6099999999999994,3.8,3.19,3115,5570.24
2019-04-01,bere,100.61,100.68,100.53,100.72,0.6099999999999994,3.8,3.19,3115,385.66999999999996
2019-04-01,cafea,100.61,100.68,100.53,100.72,0.6099999999999994,3.8,3.19,3115,2604.14
2019-04-01,carnati,100.61,100.68,100.53,100.72,0.6099999999999994,3.8,3.19,3115,1353.29
2019-04-01,frigider,100.61,100.68,100.53,100.72,0.6099999999999994,3.8,3.19,3115,17.9
2019-04-01,lapte,100.61,100.68,100.53,100.72,0.6099999999999994,3.8,3.19,3115,5862.41
2019-04-01,legume,100.61,100.68,100.53,100.72,0.6099999999999994,3.8,3.19,3115,2412.19
2019-04-01,masina_de_spalat,100.61,100.68,100.53,100.72,0.6099999999999994,3.8,3.19,3115,29.68
2019-04-01,orez,100.61,100.68,100.53,100.72,0.6099999999999994,3.8,3.19,3115,2457.07
2019-04-01,oua,100.61,100.68,100.53,100.72,0.6099999999999994,3.8,3.19,3115,3353.62
2019-04-01,paste,100.61,100.68,100.53,100.72,0.6099999999999994,3.8,3.19,3115,500.69
2019-04-01,peste,100.61,100.68,100.53,100.72,0.6099999999999994,3.8,3.19,3115,780.1700000000001
2019-04-01,pizza,100.61,100.68,100.53,100.72,0.6099999999999994,3.8,3.19,3115,2227.08
2019-04-01,racoritaore,100.61,100.68,100.53,100.72,0.6099999999999994,3.8,3.19,3115,1219.38
2019-04-01,servetele,100.61,100.68,100.53,100.72,0.6099999999999994,3.8,3.19,3115,673.79
2019-04-01,ulei_soare,100.61,100.68,100.53,100.72,0.6099999999999994,3.8,3.19,3115,3653.85
2019-05-01,apa_plata,100.46,100.79,100.2,100.55,0.45999999999999375,3.8,3.0,3101,6182.06
2019-05-01,bere,100.46,100.79,100.2,100.55,0.45999999999999375,3.8,3.0,3101,501.63
2019-05-01,cafea,100.46,100.79,100.2,100.55,0.45999999999999375,3.8,3.0,3101,3141.86
2019-05-01,carnati,100.46,100.79,100.2,100.55,0.45999999999999375,3.8,3.0,3101,1948.06
2019-05-01,frigider,100.46,100.79,100.2,100.55,0.45999999999999375,3.8,3.0,3101,27.68
2019-05-01,lapte,100.46,100.79,100.2,100.55,0.45999999999999375,3.8,3.0,3101,4498.25
2019-05-01,legume,100.46,100.79,100.2,100.55,0.45999999999999375,3.8,3.0,3101,2598.18
2019-05-01,masina_de_spalat,100.46,100.79,100.2,100.55,0.45999999999999375,3.8,3.0,3101,51.94
2019-05-01,orez,100.46,100.79,100.2,100.55,0.45999999999999375,3.8,3.0,3101,2150.2599999999998
2019-05-01,oua,100.46,100.79,100.2,100.55,0.45999999999999375,3.8,3.0,3101,2487.07
2019-05-01,paste,100.46,100.79,100.2,100.55,0.45999999999999375,3.8,3.0,3101,208.61
2019-05-01,peste,100.46,100.79,100.2,100.55,0.45999999999999375,3.8,3.0,3101,472.98
2019-05-01,pizza,100.46,100.79,100.2,100.55,0.45999999999999375,3.8,3.0,3101,2730.53
2019-05-01,racoritaore,100.46,100.79,100.2,100.55,0.45999999999999375,3.8,3.0,3101,1558.59
2019-05-01,servetele,100.46,100.79,100.2,100.55,0.45999999999999375,3.8,3.0,3101,875.55
2019-05-01,ulei_soare,100.46,100.79,100.2,100.55,0.45999999999999375,3.8,3.0,3101,3186.63
2019-06-01,apa_minerala,99.77,99.53,99.76,100.17,-0.23000000000000398,3.8,2.95,3142,26.19
2019-06-01,apa_plata,99.77,99.53,99.76,100.17,-0.23000000000000398,3.8,2.95,3142,6237.2
2019-06-01,aspirator,99.77,99.53,99.76,100.17,-0.23000000000000398,3.8,2.95,3142,0.0
2019-06-01,bere,99.77,99.53,99.76,100.17,-0.23000000000000398,3.8,2.95,3142,909.31
2019-06-01,cafea,99.77,99.53,99.76,100.17,-0.23000000000000398,3.8,2.95,3142,3059.61
2019-06-01,carnati,99.77,99.53,99.76,100.17,-0.23000000000000398,3.8,2.95,3142,1916.72
2019-06-01,frigider,99.77,99.53,99.76,100.17,-0.23000000000000398,3.8,2.95,3142,6.92
2019-06-01,lapte,99.77,99.53,99.76,100.17,-0.23000000000000398,3.8,2.95,3142,5579.2
2019-06-01,legume,99.77,99.53,99.76,100.17,-0.23000000000000398,3.8,2.95,3142,2114.99
2019-06-01,masina_de_spalat,99.77,99.53,99.76,100.17,-0.23000000000000398,3.8,2.95,3142,44.52
2019-06-01,orez,99.77,99.53,99.76,100.17,-0.23000000000000398,3.8,2.95,3142,2515.28
2019-06-01,oua,99.77,99.53,99.76,100.17,-0.23000000000000398,3.8,2.95,3142,2998.63
2019-06-01,paste,99.77,99.53,99.76,100.17,-0.23000000000000398,3.8,2.95,3142,122.38000000000001
2019-06-01,peste,99.77,99.53,99.76,100.17,-0.23000000000000398,3.8,2.95,3142,559.79
2019-06-01,pizza,99.77,99.53,99.76,100.17,-0.23000000000000398,3.8,2.95,3142,2258.8
2019-06-01,racoritaore,99.77,99.53,99.76,100.17,-0.23000000000000398,3.8,2.95,3142,1357.45
2019-06-01,servetele,99.77,99.53,99.76,100.17,-0.23000000000000398,3.8,2.95,3142,882.71
2019-06-01,ulei_soare,99.77,99.53,99.76,100.17,-0.23000000000000398,3.8,2.95,3142,4584.11
2019-07-01,apa_plata,99.8,99.34,99.98,100.1,-0.20000000000000284,3.8,2.95,3119,6146.88
2019-07-01,bere,99.8,99.34,99.98,100.1,-0.20000000000000284,3.8,2.95,3119,791.6500000000001
2019-07-01,cafea,99.8,99.34,99.98,100.1,-0.20000000000000284,3.8,2.95,3119,2500.2
2019-07-01,carnati,99.8,99.34,99.98,100.1,-0.20000000000000284,3.8,2.95,3119,2473.8
2019-07-01,lapte,99.8,99.34,99.98,100.1,-0.20000000000000284,3.8,2.95,3119,5223.45
2019-07-01,legume,99.8,99.34,99.98,100.1,-0.20000000000000284,3.8,2.95,3119,2783.45
2019-07-01,masina_de_spalat,99.8,99.34,99.98,100.1,-0.20000000000000284,3.8,2.95,3119,7.42
2019-07-01,orez,99.8,99.34,99.98,100.1,-0.20000000000000284,3.8,2.95,3119,2364.15
2019-07-01,oua,99.8,99.34,99.98,100.1,-0.20000000000000284,3.8,2.95,3119,2988.5
2019-07-01,paste,99.8,99.34,99.98,100.1,-0.20000000000000284,3.8,2.95,3119,166.37
2019-07-01,peste,99.8,99.34,99.98,100.1,-0.20000000000000284,3.8,2.95,3119,316.6
2019-07-01,pizza,99.8,99.34,99.98,100.1,-0.20000000000000284,3.8,2.95,3119,2337.19
2019-07-01,racoritaore,99.8,99.34,99.98,100.1,-0.20000000000000284,3.8,2.95,3119,1413.91
2019-07-01,servetele,99.8,99.34,99.98,100.1,-0.20000000000000284,3.8,2.95,3119,862.73
2019-07-01,ulei_soare,99.8,99.34,99.98,100.1,-0.20000000000000284,3.8,2.95,3119,3828.17
2019-08-01,apa_minerala,100.06,99.71,100.22,100.25,0.060000000000002274,3.8,3.01,3044,26.01
2019-08-01,apa_plata,100.06,99.71,100.22,100.25,0.060000000000002274,3.8,3.01,3044,6231.62
2019-08-01,bere,100.06,99.71,100.22,100.25,0.060000000000002274,3.8,3.01,3044,700.06
2019-08-01,cafea,100.06,99.71,100.22,100.25,0.060000000000002274,3.8,3.01,3044,3287.2
2019-08-01,carnati,100.06,99.71,100.22,100.25,0.060000000000002274,3.8,3.01,3044,1558.64
2019-08-01,frigider,100.06,99.71,100.22,100.25,0.060000000000002274,3.8,3.01,3044,27.68
2019-08-01,lapte,100.06,99.71,100.22,100.25,0.060000000000002274,3.8,3.01,3044,5751.19
2019-08-01,legume,100.06,99.71,100.22,100.25,0.060000000000002274,3.8,3.01,3044,2426.9
2019-08-01,masina_de_spalat,100.06,99.71,100.22,100.25,0.060000000000002274,3.8,3.01,3044,14.84
2019-08-01,orez,100.06,99.71,100.22,100.25,0.060000000000002274,3.8,3.01,3044,1988.9099999999999
2019-08-01,oua,100.06,99.71,100.22,100.25,0.060000000000002274,3.8,3.01,3044,3252.98
2019-08-01,paste,100.06,99.71,100.22,100.25,0.060000000000002274,3.8,3.01,3044,236.58
2019-08-01,peste,100.06,99.71,100.22,100.25,0.060000000000002274,3.8,3.01,3044,718.95
2019-08-01,pizza,100.06,99.71,100.22,100.25,0.060000000000002274,3.8,3.01,3044,2115.4
2019-08-01,racoritaore,100.06,99.71,100.22,100.25,0.060000000000002274,3.8,3.01,3044,2157.45
2019-08-01,servetele,100.06,99.71,100.22,100.25,0.060000000000002274,3.8,3.01,3044,1111.41
2019-08-01,ulei_soare,100.06,99.71,100.22,100.25,0.060000000000002274,3.8,3.01,3044,4272.62
2019-09-01,apa_minerala,100.09,99.91,100.13,100.27,0.09000000000000341,3.8,3.03,3082,78.03
2019-09-01,apa_plata,100.09,99.91,100.13,100.27,0.09000000000000341,3.8,3.03,3082,5559.33
2019-09-01,bere,100.09,99.91,100.13,100.27,0.09000000000000341,3.8,3.03,3082,585.47
2019-09-01,cafea,100.09,99.91,100.13,100.27,0.09000000000000341,3.8,3.03,3082,2696.14
2019-09-01,carnati,100.09,99.91,100.13,100.27,0.09000000000000341,3.8,3.03,3082,2029.26
2019-09-01,frigider,100.09,99.91,100.13,100.27,0.09000000000000341,3.8,3.03,3082,20.04
2019-09-01,lapte,100.09,99.91,100.13,100.27,0.09000000000000341,3.8,3.03,3082,5388.31
2019-09-01,legume,100.09,99.91,100.13,100.27,0.09000000000000341,3.8,3.03,3082,2067.41
2019-09-01,orez,100.09,99.91,100.13,100.27,0.09000000000000341,3.8,3.03,3082,2213.87
2019-09-01,oua,100.09,99.91,100.13,100.27,0.09000000000000341,3.8,3.03,3082,2987.78
2019-09-01,paste,100.09,99.91,100.13,100.27,0.09000000000000341,3.8,3.03,3082,433.63
2019-09-01,peste,100.09,99.91,100.13,100.27,0.09000000000000341,3.8,3.03,3082,659.4200000000001
2019-09-01,pizza,100.09,99.91,100.13,100.27,0.09000000000000341,3.8,3.03,3082,2679.56
2019-09-01,racoritaore,100.09,99.91,100.13,100.27,0.09000000000000341,3.8,3.03,3082,1456.56
2019-09-01,servetele,100.09,99.91,100.13,100.27,0.09000000000000341,3.8,3.03,3082,1318.5
2019-09-01,ulei_soare,100.09,99.91,100.13,100.27,0.09000000000000341,3.8,3.03,3082,4023.9700000000003
2019-10-01,apa_plata,100.43,100.7,100.32,100.25,0.4300000000000068,3.8,3.0,3116,4983.65
2019-10-01,bere,100.43,100.7,100.32,100.25,0.4300000000000068,3.8,3.0,3116,404.72
2019-10-01,cafea,100.43,100.7,100.32,100.25,0.4300000000000068,3.8,3.0,3116,2809.71
2019-10-01,carnati,100.43,100.7,100.32,100.25,0.4300000000000068,3.8,3.0,3116,1875.3899999999999
2019-10-01,frigider,100.43,100.7,100.32,100.25,0.4300000000000068,3.8,3.0,3116,61.92
2019-10-01,lapte,100.43,100.7,100.32,100.25,0.4300000000000068,3.8,3.0,3116,5697.71
2019-10-01,legume,100.43,100.7,100.32,100.25,0.4300000000000068,3.8,3.0,3116,2544.82
2019-10-01,orez,100.43,100.7,100.32,100.25,0.4300000000000068,3.8,3.0,3116,2194.08
2019-10-01,oua,100.43,100.7,100.32,100.25,0.4300000000000068,3.8,3.0,3116,3111.0
2019-10-01,paste,100.43,100.7,100.32,100.25,0.4300000000000068,3.8,3.0,3116,243.7
2019-10-01,peste,100.43,100.7,100.32,100.25,0.4300000000000068,3.8,3.0,3116,708.27
2019-10-01,pizza,100.43,100.7,100.32,100.25,0.4300000000000068,3.8,3.0,3116,1633.75
2019-10-01,racoritaore,100.43,100.7,100.32,100.25,0.4300000000000068,3.8,3.0,3116,1665.6399999999999
2019-10-01,servetele,100.43,100.7,100.32,100.25,0.4300000000000068,3.8,3.0,3116,917.12
2019-10-01,ulei_soare,100.43,100.7,100.32,100.25,0.4300000000000068,3.8,3.0,3116,4117.05
2019-11-01,apa_plata,100.23,100.43,100.12,100.15,0.23000000000000398,3.8,2.98,3179,4072.02
2019-11-01,bere,100.23,100.43,100.12,100.15,0.23000000000000398,3.8,2.98,3179,297.84
2019-11-01,cafea,100.23,100.43,100.12,100.15,0.23000000000000398,3.8,2.98,3179,2692.7
2019-11-01,carnati,100.23,100.43,100.12,100.15,0.23000000000000398,3.8,2.98,3179,2263.7400000000002
2019-11-01,frigider,100.23,100.43,100.12,100.15,0.23000000000000398,3.8,2.98,3179,121.63000000000001
2019-11-01,lapte,100.23,100.43,100.12,100.15,0.23000000000000398,3.8,2.98,3179,5593.19
2019-11-01,legume,100.23,100.43,100.12,100.15,0.23000000000000398,3.8,2.98,3179,2660.63
2019-11-01,masina_de_spalat,100.23,100.43,100.12,100.15,0.23000000000000398,3.8,2.98,3179,7.42
2019-11-01,orez,100.23,100.43,100.12,100.15,0.23000000000000398,3.8,2.98,3179,2723.12
2019-11-01,oua,100.23,100.43,100.12,100.15,0.23000000000000398,3.8,2.98,3179,3281.98
2019-11-01,paste,100.23,100.43,100.12,100.15,0.23000000000000398,3.8,2.98,3179,477.22
2019-11-01,peste,100.23,100.43,100.12,100.15,0.23000000000000398,3.8,2.98,3179,1055.53
2019-11-01,pizza,100.23,100.43,100.12,100.15,0.23000000000000398,3.8,2.98,3179,2265.34
2019-11-01,racoritaore,100.23,100.43,100.12,100.15,0.23000000000000398,3.8,2.98,3179,1464.34
2019-11-01,servetele,100.23,100.43,100.12,100.15,0.23000000000000398,3.8,2.98,3179,1074.64
2019-11-01,ulei_soare,100.23,100.43,100.12,100.15,0.23000000000000398,3.8,2.98,3179,3904.27
2019-12-01,apa_plata,100.42,100.84,100.28,100.12,0.4200000000000017,3.8,2.98,3340,6023.52
2019-12-01,bere,100.42,100.84,100.28,100.12,0.4200000000000017,3.8,2.98,3340,493.94
2019-12-01,cafea,100.42,100.84,100.28,100.12,0.4200000000000017,3.8,2.98,3340,2831.67
2019-12-01,carnati,100.42,100.84,100.28,100.12,0.4200000000000017,3.8,2.98,3340,2714.4
2019-12-01,frigider,100.42,100.84,100.28,100.12,0.4200000000000017,3.8,2.98,3340,26.6
2019-12-01,lapte,100.42,100.84,100.28,100.12,0.4200000000000017,3.8,2.98,3340,6550.13
2019-12-01,legume,100.42,100.84,100.28,100.12,0.4200000000000017,3.8,2.98,3340,1985.84
2019-12-01,masina_de_spalat,100.42,100.84,100.28,100.12,0.4200000000000017,3.8,2.98,3340,7.42
2019-12-01,orez,100.42,100.84,100.28,100.12,0.4200000000000017,3.8,2.98,3340,2853.49
2019-12-01,oua,100.42,100.84,100.28,100.12,0.4200000000000017,3.8,2.98,3340,3944.4700000000003
2019-12-01,paste,100.42,100.84,100.28,100.12,0.4200000000000017,3.8,2.98,3340,398.83000000000004
2019-12-01,peste,100.42,100.84,100.28,100.12,0.4200000000000017,3.8,2.98,3340,551.47
2019-12-01,pizza,100.42,100.84,100.28,100.12,0.4200000000000017,3.8,2.98,3340,1667.71
2019-12-01,racoritaore,100.42,100.84,100.28,100.12,0.4200000000000017,3.8,2.98,3340,2081.36
2019-12-01,servetele,100.42,100.84,100.28,100.12,0.4200000000000017,3.8,2.98,3340,996.02
2019-12-01,ulei_soare,100.42,100.84,100.28,100.12,0.4200000000000017,3.8,2.98,3340,5165.67
2020-01-01,apa_minerala,100.41,100.99,100.02,100.43,0.4099999999999966,2.6,2.97,3189,78.03
2020-01-01,apa_plata,100.41,100.99,100.02,100.43,0.4099999999999966,2.6,2.97,3189,5094.68
2020-01-01,bere,100.41,100.99,100.02,100.43,0.4099999999999966,2.6,2.97,3189,458.81
2020-01-01,cafea,100.41,100.99,100.02,100.43,0.4099999999999966,2.6,2.97,3189,2672.82
2020-01-01,carnati,100.41,100.99,100.02,100.43,0.4099999999999966,2.6,2.97,3189,2258.95
2020-01-01,frigider,100.41,100.99,100.02,100.43,0.4099999999999966,2.6,2.97,3189,13.84
2020-01-01,lapte,100.41,100.99,100.02,100.43,0.4099999999999966,2.6,2.97,3189,4532.37
2020-01-01,legume,100.41,100.99,100.02,100.43,0.4099999999999966,2.6,2.97,3189,2220.37
2020-01-01,masina_de_spalat,100.41,100.99,100.02,100.43,0.4099999999999966,2.6,2.97,3189,7.42
2020-01-01,orez,100.41,100.99,100.02,100.43,0.4099999999999966,2.6,2.97,3189,1903.98
2020-01-01,oua,100.41,100.99,100.02,100.43,0.4099999999999966,2.6,2.97,3189,3740.51
2020-01-01,paste,100.41,100.99,100.02,100.43,0.4099999999999966,2.6,2.97,3189,275.14
2020-01-01,peste,100.41,100.99,100.02,100.43,0.4099999999999966,2.6,2.97,3189,636.5500000000001
2020-01-01,pizza,100.41,100.99,100.02,100.43,0.4099999999999966,2.6,2.97,3189,1937.38
2020-01-01,racoritaore,100.41,100.99,100.02,100.43,0.4099999999999966,2.6,2.97,3189,1467.42
2020-01-01,servetele,100.41,100.99,100.02,100.43,0.4099999999999966,2.6,2.97,3189,1090.51
2020-01-01,ulei_soare,100.41,100.99,100.02,100.43,0.4099999999999966,2.6,2.97,3189,4337.38
2020-02-01,apa_minerala,100.25,100.63,99.94,100.39,0.25,2.6,2.98,3202,138.78
2020-02-01,apa_plata,100.25,100.63,99.94,100.39,0.25,2.6,2.98,3202,6226.18
2020-02-01,bere,100.25,100.63,99.94,100.39,0.25,2.6,2.98,3202,291.28000000000003
2020-02-01,cafea,100.25,100.63,99.94,100.39,0.25,2.6,2.98,3202,3126.66
2020-02-01,carnati,100.25,100.63,99.94,100.39,0.25,2.6,2.98,3202,1788.19
2020-02-01,frigider,100.25,100.63,99.94,100.39,0.25,2.6,2.98,3202,26.96
2020-02-01,lapte,100.25,100.63,99.94,100.39,0.25,2.6,2.98,3202,5420.25
2020-02-01,legume,100.25,100.63,99.94,100.39,0.25,2.6,2.98,3202,2611.8
2020-02-01,orez,100.25,100.63,99.94,100.39,0.25,2.6,2.98,3202,3808.9
2020-02-01,oua,100.25,100.63,99.94,100.39,0.25,2.6,2.98,3202,3377.2599999999998
2020-02-01,paste,100.25,100.63,99.94,100.39,0.25,2.6,2.98,3202,262.92
2020-02-01,peste,100.25,100.63,99.94,100.39,0.25,2.6,2.98,3202,740.23
2020-02-01,pizza,100.25,100.63,99.94,100.39,0.25,2.6,2.98,3202,1710.87
2020-02-01,racoritaore,100.25,100.63,99.94,100.39,0.25,2.6,2.98,3202,1668.44
2020-02-01,servetele,100.25,100.63,99.94,100.39,0.25,2.6,2.98,3202,834.06
2020-02-01,ulei_soare,100.25,100.63,99.94,100.39,0.25,2.6,2.98,3202,5202.26
2020-03-01,apa_minerala,100.5,101.46,99.91,100.35,0.5,2.6,2.95,3294,17.46
2020-03-01,apa_plata,100.5,101.46,99.91,100.35,0.5,2.6,2.95,3294,7858.21
2020-03-01,bere,100.5,101.46,99.91,100.35,0.5,2.6,2.95,3294,931.91
2020-03-01,cafea,100.5,101.46,99.91,100.35,0.5,2.6,2.95,3294,2672.14
2020-03-01,carnati,100.5,101.46,99.91,100.35,0.5,2.6,2.95,3294,2141.81
2020-03-01,frigider,100.5,101.46,99.91,100.35,0.5,2.6,2.95,3294,13.84
2020-03-01,lapte,100.5,101.46,99.91,100.35,0.5,2.6,2.95,3294,6329.42
2020-03-01,legume,100.5,101.46,99.91,100.35,0.5,2.6,2.95,3294,3714.89
2020-03-01,orez,100.5,101.46,99.91,100.35,0.5,2.6,2.95,3294,4881.36
2020-03-01,oua,100.5,101.46,99.91,100.35,0.5,2.6,2.95,3294,5038.33
2020-03-01,paste,100.5,101.46,99.91,100.35,0.5,2.6,2.95,3294,650.9200000000001
2020-03-01,peste,100.5,101.46,99.91,100.35,0.5,2.6,2.95,3294,772.83
2020-03-01,pizza,100.5,101.46,99.91,100.35,0.5,2.6,2.95,3294,3328.27
2020-03-01,racoritaore,100.5,101.46,99.91,100.35,0.5,2.6,2.95,3294,2501.68
2020-03-01,servetele,100.5,101.46,99.91,100.35,0.5,2.6,2.95,3294,1856.48
2020-03-01,ulei_soare,100.5,101.46,99.91,100.35,0.5,2.6,2.95,3294,6122.84
2020-04-01,apa_plata,100.26,101.27,99.67,100.0,0.2600000000000051,2.6,2.88,3182,4232.11
2020-04-01,bere,100.26,101.27,99.67,100.0,0.2600000000000051,2.6,2.88,3182,570.13
2020-04-01,cafea,100.26,101.27,99.67,100.0,0.2600000000000051,2.6,2.88,3182,2262.21
2020-04-01,carnati,100.26,101.27,99.67,100.0,0.2600000000000051,2.6,2.88,3182,1687.56
2020-04-01,frigider,100.26,101.27,99.67,100.0,0.2600000000000051,2.6,2.88,3182,13.48
2020-04-01,lapte,100.26,101.27,99.67,100.0,0.2600000000000051,2.6,2.88,3182,5663.01
2020-04-01,legume,100.26,101.27,99.67,100.0,0.2600000000000051,2.6,2.88,3182,2198.82
2020-04-01,orez,100.26,101.27,99.67,100.0,0.2600000000000051,2.6,2.88,3182,1548.81
2020-04-01,oua,100.26,101.27,99.67,100.0,0.2600000000000051,2.6,2.88,3182,3182.1
2020-04-01,paste,100.26,101.27,99.67,100.0,0.2600000000000051,2.6,2.88,3182,794.37
2020-04-01,peste,100.26,101.27,99.67,100.0,0.2600000000000051,2.6,2.88,3182,835.73
2020-04-01,pizza,100.26,101.27,99.67,100.0,0.2600000000000051,2.6,2.88,3182,1743.0
2020-04-01,racoritaore,100.26,101.27,99.67,100.0,0.2600000000000051,2.6,2.88,3182,970.53
2020-04-01,servetele,100.26,101.27,99.67,100.0,0.2600000000000051,2.6,2.88,3182,1013.73
2020-04-01,ulei_soare,100.26,101.27,99.67,100.0,0.2600000000000051,2.6,2.88,3182,4140.08
2020-05-01,apa_minerala,100.05,100.34,99.82,100.11,0.04999999999999716,2.6,2.9,3179,26.19
2020-05-01,apa_plata,100.05,100.34,99.82,100.11,0.04999999999999716,2.6,2.9,3179,5099.82
2020-05-01,bere,100.05,100.34,99.82,100.11,0.04999999999999716,2.6,2.9,3179,781.09
2020-05-01,cafea,100.05,100.34,99.82,100.11,0.04999999999999716,2.6,2.9,3179,2859.85
2020-05-01,carnati,100.05,100.34,99.82,100.11,0.04999999999999716,2.6,2.9,3179,2206.91
2020-05-01,frigider,100.05,100.34,99.82,100.11,0.04999999999999716,2.6,2.9,3179,6.92
2020-05-01,lapte,100.05,100.34,99.82,100.11,0.04999999999999716,2.6,2.9,3179,5085.59
2020-05-01,legume,100.05,100.34,99.82,100.11,0.04999999999999716,2.6,2.9,3179,2079.8
2020-05-01,masina_de_spalat,100.05,100.34,99.82,100.11,0.04999999999999716,2.6,2.9,3179,37.1
2020-05-01,orez,100.05,100.34,99.82,100.11,0.04999999999999716,2.6,2.9,3179,2079.69
2020-05-01,oua,100.05,100.34,99.82,100.11,0.04999999999999716,2.6,2.9,3179,3029.75
2020-05-01,paste,100.05,100.34,99.82,100.11,0.04999999999999716,2.6,2.9,3179,175.48000000000002
2020-05-01,peste,100.05,100.34,99.82,100.11,0.04999999999999716,2.6,2.9,3179,822.16
2020-05-01,pizza,100.05,100.34,99.82,100.11,0.04999999999999716,2.6,2.9,3179,2559.57
2020-05-01,racoritaore,100.05,100.34,99.82,100.11,0.04999999999999716,2.6,2.9,3179,1248.31
2020-05-01,servetele,100.05,100.34,99.82,100.11,0.04999999999999716,2.6,2.9,3179,1119.27
2020-05-01,ulei_soare,100.05,100.34,99.82,100.11,0.04999999999999716,2.6,2.9,3179,4191.49
2020-06-01,apa_minerala,100.08,99.62,100.28,100.34,0.0799999999999983,2.6,2.87,3298,26.01
2020-06-01,apa_plata,100.08,99.62,100.28,100.34,0.0799999999999983,2.6,2.87,3298,7241.63
2020-06-01,bere,100.08,99.62,100.28,100.34,0.0799999999999983,2.6,2.87,3298,528.85
2020-06-01,cafea,100.08,99.62,100.28,100.34,0.0799999999999983,2.6,2.87,3298,2971.4
2020-06-01,carnati,100.08,99.62,100.28,100.34,0.0799999999999983,2.6,2.87,3298,1969.11
2020-06-01,frigider,100.08,99.62,100.28,100.34,0.0799999999999983,2.6,2.87,3298,26.82
2020-06-01,lapte,100.08,99.62,100.28,100.34,0.0799999999999983,2.6,2.87,3298,5219.27
2020-06-01,legume,100.08,99.62,100.28,100.34,0.0799999999999983,2.6,2.87,3298,2121.61
2020-06-01,orez,100.08,99.62,100.28,100.34,0.0799999999999983,2.6,2.87,3298,2244.95
2020-06-01,oua,100.08,99.62,100.28,100.34,0.0799999999999983,2.6,2.87,3298,4205.38
2020-06-01,paste,100.08,99.62,100.28,100.34,0.0799999999999983,2.6,2.87,3298,285.18
2020-06-01,peste,100.08,99.62,100.28,100.34,0.0799999999999983,2.6,2.87,3298,904.7800000000001
2020-06-01,pizza,100.08,99.62,100.28,100.34,0.0799999999999983,2.6,2.87,3298,2353.21
2020-06-01,racoritaore,100.08,99.62,100.28,100.34,0.0799999999999983,2.6,2.87,3298,1600.3899999999999
2020-06-01,servetele,100.08,99.62,100.28,100.34,0.0799999999999983,2.6,2.87,3298,1136.44
2020-06-01,ulei_soare,100.08,99.62,100.28,100.34,0.0799999999999983,2.6,2.87,3298,5449.78
2020-07-01,apa_minerala,100.0,99.55,100.19,100.31,0.0,2.6,3.0,3372,320.85
2020-07-01,apa_plata,100.0,99.55,100.19,100.31,0.0,2.6,3.0,3372,7092.75
2020-07-01,bere,100.0,99.55,100.19,100.31,0.0,2.6,3.0,3372,660.74
2020-07-01,cafea,100.0,99.55,100.19,100.31,0.0,2.6,3.0,3372,2884.47
2020-07-01,carnati,100.0,99.55,100.19,100.31,0.0,2.6,3.0,3372,2674.57
2020-07-01,frigider,100.0,99.55,100.19,100.31,0.0,2.6,3.0,3372,6.92
2020-07-01,lapte,100.0,99.55,100.19,100.31,0.0,2.6,3.0,3372,5204.04
2020-07-01,legume,100.0,99.55,100.19,100.31,0.0,2.6,3.0,3372,1941.7
2020-07-01,masina_de_spalat,100.0,99.55,100.19,100.31,0.0,2.6,3.0,3372,29.68
2020-07-01,orez,100.0,99.55,100.19,100.31,0.0,2.6,3.0,3372,2671.49
2020-07-01,oua,100.0,99.55,100.19,100.31,0.0,2.6,3.0,3372,3644.65
2020-07-01,paste,100.0,99.55,100.19,100.31,0.0,2.6,3.0,3372,236.44
2020-07-01,peste,100.0,99.55,100.19,100.31,0.0,2.6,3.0,3372,1116.61
2020-07-01,pizza,100.0,99.55,100.19,100.31,0.0,2.6,3.0,3372,2616.4
2020-07-01,racoritaore,100.0,99.55,100.19,100.31,0.0,2.6,3.0,3372,1278.74
2020-07-01,servetele,100.0,99.55,100.19,100.31,0.0,2.6,3.0,3372,1543.55
2020-07-01,ulei_soare,100.0,99.55,100.19,100.31,0.0,2.6,3.0,3372,5823.69
2020-08-01,apa_minerala,99.95,99.59,100.08,100.21,-0.04999999999999716,2.6,3.02,3275,345.03
2020-08-01,apa_plata,99.95,99.59,100.08,100.21,-0.04999999999999716,2.6,3.02,3275,7047.26
2020-08-01,bere,99.95,99.59,100.08,100.21,-0.04999999999999716,2.6,3.02,3275,694.19
2020-08-01,cafea,99.95,99.59,100.08,100.21,-0.04999999999999716,2.6,3.02,3275,3209.29
2020-08-01,carnati,99.95,99.59,100.08,100.21,-0.04999999999999716,2.6,3.02,3275,2264.94
2020-08-01,frigider,99.95,99.59,100.08,100.21,-0.04999999999999716,2.6,3.02,3275,42.629999999999995
2020-08-01,lapte,99.95,99.59,100.08,100.21,-0.04999999999999716,2.6,3.02,3275,5924.29
2020-08-01,legume,99.95,99.59,100.08,100.21,-0.04999999999999716,2.6,3.02,3275,3198.25
2020-08-01,masina_de_spalat,99.95,99.59,100.08,100.21,-0.04999999999999716,2.6,3.02,3275,7.42
2020-08-01,orez,99.95,99.59,100.08,100.21,-0.04999999999999716,2.6,3.02,3275,2224.49
2020-08-01,oua,99.95,99.59,100.08,100.21,-0.04999999999999716,2.6,3.02,3275,3832.07
2020-08-01,paste,99.95,99.59,100.08,100.21,-0.04999999999999716,2.6,3.02,3275,240.01
2020-08-01,peste,99.95,99.59,100.08,100.21,-0.04999999999999716,2.6,3.02,3275,879.58
2020-08-01,pizza,99.95,99.59,100.08,100.21,-0.04999999999999716,2.6,3.02,3275,2129.87
2020-08-01,racoritaore,99.95,99.59,100.08,100.21,-0.04999999999999716,2.6,3.02,3275,2335.09
2020-08-01,servetele,99.95,99.59,100.08,100.21,-0.04999999999999716,2.6,3.02,3275,1336.74
2020-08-01,ulei_soare,99.95,99.59,100.08,100.21,-0.04999999999999716,2.6,3.02,3275,5872.72
2020-09-01,apa_minerala,99.86,99.45,99.99,100.2,-0.14000000000000057,2.6,3.3,3321,26.01
2020-09-01,apa_plata,99.86,99.45,99.99,100.2,-0.14000000000000057,2.6,3.3,3321,7651.21
2020-09-01,bere,99.86,99.45,99.99,100.2,-0.14000000000000057,2.6,3.3,3321,397.57
2020-09-01,cafea,99.86,99.45,99.99,100.2,-0.14000000000000057,2.6,3.3,3321,3301.52
2020-09-01,carnati,99.86,99.45,99.99,100.2,-0.14000000000000057,2.6,3.3,3321,2299.24
2020-09-01,frigider,99.86,99.45,99.99,100.2,-0.14000000000000057,2.6,3.3,3321,6.92
2020-09-01,lapte,99.86,99.45,99.99,100.2,-0.14000000000000057,2.6,3.3,3321,4475.41
2020-09-01,legume,99.86,99.45,99.99,100.2,-0.14000000000000057,2.6,3.3,3321,2904.42
2020-09-01,masina_de_spalat,99.86,99.45,99.99,100.2,-0.14000000000000057,2.6,3.3,3321,14.84
2020-09-01,orez,99.86,99.45,99.99,100.2,-0.14000000000000057,2.6,3.3,3321,2737.83
2020-09-01,oua,99.86,99.45,99.99,100.2,-0.14000000000000057,2.6,3.3,3321,4437.19
2020-09-01,paste,99.86,99.45,99.99,100.2,-0.14000000000000057,2.6,3.3,3321,126.89
2020-09-01,peste,99.86,99.45,99.99,100.2,-0.14000000000000057,2.6,3.3,3321,839.32
2020-09-01,pizza,99.86,99.45,99.99,100.2,-0.14000000000000057,2.6,3.3,3321,2590.09
2020-09-01,racoritaore,99.86,99.45,99.99,100.2,-0.14000000000000057,2.6,3.3,3321,2294.2400000000002
2020-09-01,servetele,99.86,99.45,99.99,100.2,-0.14000000000000057,2.6,3.3,3321,1236.73
2020-09-01,ulei_soare,99.86,99.45,99.99,100.2,-0.14000000000000057,2.6,3.3,3321,4810.22
2020-10-01,apa_minerala,100.22,100.11,100.31,100.22,0.21999999999999886,2.6,3.26,3343,52.02
2020-10-01,apa_plata,100.22,100.11,100.31,100.22,0.21999999999999886,2.6,3.26,3343,6717.88
2020-10-01,bere,100.22,100.11,100.31,100.22,0.21999999999999886,2.6,3.26,3343,334.42
2020-10-01,cafea,100.22,100.11,100.31,100.22,0.21999999999999886,2.6,3.26,3343,3663.44
2020-10-01,carnati,100.22,100.11,100.31,100.22,0.21999999999999886,2.6,3.26,3343,2700.27
2020-10-01,frigider,100.22,100.11,100.31,100.22,0.21999999999999886,2.6,3.26,3343,13.84
2020-10-01,lapte,100.22,100.11,100.31,100.22,0.21999999999999886,2.6,3.26,3343,5586.64
2020-10-01,legume,100.22,100.11,100.31,100.22,0.21999999999999886,2.6,3.26,3343,2409.46
2020-10-01,orez,100.22,100.11,100.31,100.22,0.21999999999999886,2.6,3.26,3343,3003.5
2020-10-01,oua,100.22,100.11,100.31,100.22,0.21999999999999886,2.6,3.26,3343,3469.83
2020-10-01,paste,100.22,100.11,100.31,100.22,0.21999999999999886,2.6,3.26,3343,378.03000000000003
2020-10-01,peste,100.22,100.11,100.31,100.22,0.21999999999999886,2.6,3.26,3343,1145.84
2020-10-01,pizza,100.22,100.11,100.31,100.22,0.21999999999999886,2.6,3.26,3343,1734.65
2020-10-01,racoritaore,100.22,100.11,100.31,100.22,0.21999999999999886,2.6,3.26,3343,2042.27
2020-10-01,servetele,100.22,100.11,100.31,100.22,0.21999999999999886,2.6,3.26,3343,1139.18
2020-10-01,ulei_soare,100.22,100.11,100.31,100.22,0.21999999999999886,2.6,3.26,3343,5974.79
2020-11-01,apa_plata,100.13,99.92,100.29,100.07,0.12999999999999545,2.6,3.27,3411,5864.32
2020-11-01,bere,100.13,99.92,100.29,100.07,0.12999999999999545,2.6,3.27,3411,264.36
2020-11-01,cafea,100.13,99.92,100.29,100.07,0.12999999999999545,2.6,3.27,3411,2586.76
2020-11-01,carnati,100.13,99.92,100.29,100.07,0.12999999999999545,2.6,3.27,3411,2398.47
2020-11-01,lapte,100.13,99.92,100.29,100.07,0.12999999999999545,2.6,3.27,3411,5458.2300000000005
2020-11-01,legume,100.13,99.92,100.29,100.07,0.12999999999999545,2.6,3.27,3411,2831.35
2020-11-01,orez,100.13,99.92,100.29,100.07,0.12999999999999545,2.6,3.27,3411,2461.79
2020-11-01,oua,100.13,99.92,100.29,100.07,0.12999999999999545,2.6,3.27,3411,4266.28
2020-11-01,paste,100.13,99.92,100.29,100.07,0.12999999999999545,2.6,3.27,3411,191.56
2020-11-01,peste,100.13,99.92,100.29,100.07,0.12999999999999545,2.6,3.27,3411,1019.95
2020-11-01,pizza,100.13,99.92,100.29,100.07,0.12999999999999545,2.6,3.27,3411,1962.3799999999999
2020-11-01,racoritaore,100.13,99.92,100.29,100.07,0.12999999999999545,2.6,3.27,3411,1565.68
2020-11-01,servetele,100.13,99.92,100.29,100.07,0.12999999999999545,2.6,3.27,3411,1779.96
2020-11-01,ulei_soare,100.13,99.92,100.29,100.07,0.12999999999999545,2.6,3.27,3411,5740.38
2020-12-01,apa_minerala,100.34,100.29,100.51,100.04,0.3400000000000034,2.6,3.32,3620,26.01
2020-12-01,apa_plata,100.34,100.29,100.51,100.04,0.3400000000000034,2.6,3.32,3620,7008.2
2020-12-01,bere,100.34,100.29,100.51,100.04,0.3400000000000034,2.6,3.32,3620,485.0
2020-12-01,cafea,100.34,100.29,100.51,100.04,0.3400000000000034,2.6,3.32,3620,3424.42
2020-12-01,carnati,100.34,100.29,100.51,100.04,0.3400000000000034,2.6,3.32,3620,2235.57
2020-12-01,frigider,100.34,100.29,100.51,100.04,0.3400000000000034,2.6,3.32,3620,6.92
2020-12-01,lapte,100.34,100.29,100.51,100.04,0.3400000000000034,2.6,3.32,3620,6550.81
2020-12-01,legume,100.34,100.29,100.51,100.04,0.3400000000000034,2.6,3.32,3620,2885.13
2020-12-01,masina_de_spalat,100.34,100.29,100.51,100.04,0.3400000000000034,2.6,3.32,3620,7.42
2020-12-01,orez,100.34,100.29,100.51,100.04,0.3400000000000034,2.6,3.32,3620,2876.05
2020-12-01,oua,100.34,100.29,100.51,100.04,0.3400000000000034,2.6,3.32,3620,4684.68
2020-12-01,paste,100.34,100.29,100.51,100.04,0.3400000000000034,2.6,3.32,3620,332.53000000000003
2020-12-01,peste,100.34,100.29,100.51,100.04,0.3400000000000034,2.6,3.32,3620,866.4100000000001
2020-12-01,pizza,100.34,100.29,100.51,100.04,0.3400000000000034,2.6,3.32,3620,1956.31
2020-12-01,racoritaore,100.34,100.29,100.51,100.04,0.3400000000000034,2.6,3.32,3620,1526.19
2020-12-01,servetele,100.34,100.29,100.51,100.04,0.3400000000000034,2.6,3.32,3620,1375.81
2020-12-01,ulei_soare,100.34,100.29,100.51,100.04,0.3400000000000034,2.6,3.32,3620,6460.2300000000005
2021-01-01,apa_plata,101.33,100.63,102.24,100.25,1.3299999999999983,5.1,3.38,3395,6445.91
2021-01-01,bere,101.33,100.63,102.24,100.25,1.3299999999999983,5.1,3.38,3395,551.12
2021-01-01,cafea,101.33,100.63,102.24,100.25,1.3299999999999983,5.1,3.38,3395,3077.86
2021-01-01,carnati,101.33,100.63,102.24,100.25,1.3299999999999983,5.1,3.38,3395,1473.8700000000001
2021-01-01,frigider,101.33,100.63,102.24,100.25,1.3299999999999983,5.1,3.38,3395,35.62
2021-01-01,lapte,101.33,100.63,102.24,100.25,1.3299999999999983,5.1,3.38,3395,6151.31
2021-01-01,legume,101.33,100.63,102.24,100.25,1.3299999999999983,5.1,3.38,3395,2335.98
2021-01-01,masina_de_spalat,101.33,100.63,102.24,100.25,1.3299999999999983,5.1,3.38,3395,7.42
2021-01-01,orez,101.33,100.63,102.24,100.25,1.3299999999999983,5.1,3.38,3395,2821.56
2021-01-01,oua,101.33,100.63,102.24,100.25,1.3299999999999983,5.1,3.38,3395,4033.08
2021-01-01,paste,101.33,100.63,102.24,100.25,1.3299999999999983,5.1,3.38,3395,349.54
2021-01-01,peste,101.33,100.63,102.24,100.25,1.3299999999999983,5.1,3.38,3395,884.23
2021-01-01,pizza,101.33,100.63,102.24,100.25,1.3299999999999983,5.1,3.38,3395,1579.7
2021-01-01,racoritaore,101.33,100.63,102.24,100.25,1.3299999999999983,5.1,3.38,3395,1370.75
2021-01-01,servetele,101.33,100.63,102.24,100.25,1.3299999999999983,5.1,3.38,3395,1483.58
2021-01-01,ulei_soare,101.33,100.63,102.24,100.25,1.3299999999999983,5.1,3.38,3395,5489.9
2021-02-01,apa_plata,100.41,100.46,100.47,100.2,0.4099999999999966,5.1,3.34,3365,6418.96
2021-02-01,bere,100.41,100.46,100.47,100.2,0.4099999999999966,5.1,3.34,3365,348.82
2021-02-01,cafea,100.41,100.46,100.47,100.2,0.4099999999999966,5.1,3.34,3365,3334.4
2021-02-01,carnati,100.41,100.46,100.47,100.2,0.4099999999999966,5.1,3.34,3365,1250.6499999999999
2021-02-01,frigider,100.41,100.46,100.47,100.2,0.4099999999999966,5.1,3.34,3365,50.14
2021-02-01,lapte,100.41,100.46,100.47,100.2,0.4099999999999966,5.1,3.34,3365,5474.41
2021-02-01,legume,100.41,100.46,100.47,100.2,0.4099999999999966,5.1,3.34,3365,2172.77
2021-02-01,orez,100.41,100.46,100.47,100.2,0.4099999999999966,5.1,3.34,3365,2464.96
2021-02-01,oua,100.41,100.46,100.47,100.2,0.4099999999999966,5.1,3.34,3365,3343.81
2021-02-01,paste,100.41,100.46,100.47,100.2,0.4099999999999966,5.1,3.34,3365,198.83
2021-02-01,peste,100.41,100.46,100.47,100.2,0.4099999999999966,5.1,3.34,3365,1053.9
2021-02-01,pizza,100.41,100.46,100.47,100.2,0.4099999999999966,5.1,3.34,3365,2027.92
2021-02-01,racoritaore,100.41,100.46,100.47,100.2,0.4099999999999966,5.1,3.34,3365,1273.65
2021-02-01,servetele,100.41,100.46,100.47,100.2,0.4099999999999966,5.1,3.34,3365,1321.8
2021-02-01,ulei_soare,100.41,100.46,100.47,100.2,0.4099999999999966,5.1,3.34,3365,5424.4800000000005
2021-03-01,apa_plata,100.38,100.37,100.46,100.24,0.37999999999999545,5.1,3.35,3547,5504.75
2021-03-01,bere,100.38,100.37,100.46,100.24,0.37999999999999545,5.1,3.35,3547,357.65999999999997
2021-03-01,cafea,100.38,100.37,100.46,100.24,0.37999999999999545,5.1,3.35,3547,2711.35
2021-03-01,carnati,100.38,100.37,100.46,100.24,0.37999999999999545,5.1,3.35,3547,1831.42
2021-03-01,frigider,100.38,100.37,100.46,100.24,0.37999999999999545,5.1,3.35,3547,16.869999999999997
2021-03-01,lapte,100.38,100.37,100.46,100.24,0.37999999999999545,5.1,3.35,3547,5775.29
2021-03-01,legume,100.38,100.37,100.46,100.24,0.37999999999999545,5.1,3.35,3547,3647.2
2021-03-01,masina_de_spalat,100.38,100.37,100.46,100.24,0.37999999999999545,5.1,3.35,3547,7.42
2021-03-01,orez,100.38,100.37,100.46,100.24,0.37999999999999545,5.1,3.35,3547,3215.38
2021-03-01,oua,100.38,100.37,100.46,100.24,0.37999999999999545,5.1,3.35,3547,3415.69
2021-03-01,paste,100.38,100.37,100.46,100.24,0.37999999999999545,5.1,3.35,3547,309.39
2021-03-01,peste,100.38,100.37,100.46,100.24,0.37999999999999545,5.1,3.35,3547,812.46
2021-03-01,pizza,100.38,100.37,100.46,100.24,0.37999999999999545,5.1,3.35,3547,2812.76
2021-03-01,racoritaore,100.38,100.37,100.46,100.24,0.37999999999999545,5.1,3.35,3547,1721.65
2021-03-01,servetele,100.38,100.37,100.46,100.24,0.37999999999999545,5.1,3.35,3547,1626.54
2021-03-01,ulei_soare,100.38,100.37,100.46,100.24,0.37999999999999545,5.1,3.35,3547,5171.26
2021-04-01,apa_minerala,100.45,100.45,100.47,100.4,0.45000000000000284,5.1,3.33,3561,0.0
2021-04-01,apa_plata,100.45,100.45,100.47,100.4,0.45000000000000284,5.1,3.33,3561,7978.51
2021-04-01,bere,100.45,100.45,100.47,100.4,0.45000000000000284,5.1,3.33,3561,200.96
2021-04-01,cafea,100.45,100.45,100.47,100.4,0.45000000000000284,5.1,3.33,3561,2851.0299999999997
2021-04-01,carnati,100.45,100.45,100.47,100.4,0.45000000000000284,5.1,3.33,3561,2240.43
2021-04-01,frigider,100.45,100.45,100.47,100.4,0.45000000000000284,5.1,3.33,3561,6.92
2021-04-01,lapte,100.45,100.45,100.47,100.4,0.45000000000000284,5.1,3.33,3561,6284.54
2021-04-01,legume,100.45,100.45,100.47,100.4,0.45000000000000284,5.1,3.33,3561,2920.7
2021-04-01,masina_de_spalat,100.45,100.45,100.47,100.4,0.45000000000000284,5.1,3.33,3561,14.84
2021-04-01,orez,100.45,100.45,100.47,100.4,0.45000000000000284,5.1,3.33,3561,2644.93
2021-04-01,oua,100.45,100.45,100.47,100.4,0.45000000000000284,5.1,3.33,3561,5001.1
2021-04-01,paste,100.45,100.45,100.47,100.4,0.45000000000000284,5.1,3.33,3561,1392.26
2021-04-01,peste,100.45,100.45,100.47,100.4,0.45000000000000284,5.1,3.33,3561,1045.18
2021-04-01,pizza,100.45,100.45,100.47,100.4,0.45000000000000284,5.1,3.33,3561,2315.6
2021-04-01,racoritaore,100.45,100.45,100.47,100.4,0.45000000000000284,5.1,3.33,3561,1802.84
2021-04-01,servetele,100.45,100.45,100.47,100.4,0.45000000000000284,5.1,3.33,3561,1408.73
2021-04-01,ulei_soare,100.45,100.45,100.47,100.4,0.45000000000000284,5.1,3.33,3561,5273.13
2021-05-01,apa_minerala,100.53,101.1,100.28,100.27,0.5300000000000011,5.1,3.16,3492,60.75
2021-05-01,apa_plata,100.53,101.1,100.28,100.27,0.5300000000000011,5.1,3.16,3492,7787.91
2021-05-01,bere,100.53,101.1,100.28,100.27,0.5300000000000011,5.1,3.16,3492,226.7
2021-05-01,cafea,100.53,101.1,100.28,100.27,0.5300000000000011,5.1,3.16,3492,3747.35
2021-05-01,carnati,100.53,101.1,100.28,100.27,0.5300000000000011,5.1,3.16,3492,1692.62
2021-05-01,frigider,100.53,101.1,100.28,100.27,0.5300000000000011,5.1,3.16,3492,8.52
2021-05-01,lapte,100.53,101.1,100.28,100.27,0.5300000000000011,5.1,3.16,3492,6109.57
2021-05-01,legume,100.53,101.1,100.28,100.27,0.5300000000000011,5.1,3.16,3492,2935.86
2021-05-01,masina_de_spalat,100.53,101.1,100.28,100.27,0.5300000000000011,5.1,3.16,3492,32.36
2021-05-01,orez,100.53,101.1,100.28,100.27,0.5300000000000011,5.1,3.16,3492,2674.71
2021-05-01,oua,100.53,101.1,100.28,100.27,0.5300000000000011,5.1,3.16,3492,4048.6
2021-05-01,paste,100.53,101.1,100.28,100.27,0.5300000000000011,5.1,3.16,3492,201.91
2021-05-01,peste,100.53,101.1,100.28,100.27,0.5300000000000011,5.1,3.16,3492,857.6
2021-05-01,pizza,100.53,101.1,100.28,100.27,0.5300000000000011,5.1,3.16,3492,2543.28
2021-05-01,racoritaore,100.53,101.1,100.28,100.27,0.5300000000000011,5.1,3.16,3492,2151.84
2021-05-01,servetele,100.53,101.1,100.28,100.27,0.5300000000000011,5.1,3.16,3492,1657.32
2021-05-01,ulei_soare,100.53,101.1,100.28,100.27,0.5300000000000011,5.1,3.16,3492,5292.65
2021-06-01,apa_minerala,100.27,100.25,100.29,100.23,0.269999999999996,5.1,3.06,3541,112.95
2021-06-01,apa_plata,100.27,100.25,100.29,100.23,0.269999999999996,5.1,3.06,3541,7703.45
2021-06-01,bere,100.27,100.25,100.29,100.23,0.269999999999996,5.1,3.06,3541,613.72
2021-06-01,cafea,100.27,100.25,100.29,100.23,0.269999999999996,5.1,3.06,3541,2412.76
2021-06-01,carnati,100.27,100.25,100.29,100.23,0.269999999999996,5.1,3.06,3541,2408.0299999999997
2021-06-01,frigider,100.27,100.25,100.29,100.23,0.269999999999996,5.1,3.06,3541,26.85
2021-06-01,lapte,100.27,100.25,100.29,100.23,0.269999999999996,5.1,3.06,3541,5899.03
2021-06-01,legume,100.27,100.25,100.29,100.23,0.269999999999996,5.1,3.06,3541,2242.22
2021-06-01,masina_de_spalat,100.27,100.25,100.29,100.23,0.269999999999996,5.1,3.06,3541,23.61
2021-06-01,orez,100.27,100.25,100.29,100.23,0.269999999999996,5.1,3.06,3541,2767.84
2021-06-01,oua,100.27,100.25,100.29,100.23,0.269999999999996,5.1,3.06,3541,3723.52
2021-06-01,paste,100.27,100.25,100.29,100.23,0.269999999999996,5.1,3.06,3541,376.05
2021-06-01,peste,100.27,100.25,100.29,100.23,0.269999999999996,5.1,3.06,3541,886.35
2021-06-01,pizza,100.27,100.25,100.29,100.23,0.269999999999996,5.1,3.06,3541,3001.7200000000003
2021-06-01,racoritaore,100.27,100.25,100.29,100.23,0.269999999999996,5.1,3.06,3541,1861.34
2021-06-01,servetele,100.27,100.25,100.29,100.23,0.269999999999996,5.1,3.06,3541,1152.05
2021-06-01,ulei_soare,100.27,100.25,100.29,100.23,0.269999999999996,5.1,3.06,3541,3698.81
2021-07-01,apa_minerala,100.97,99.71,102.02,100.39,0.9699999999999989,5.1,3.0,3545,138.96
2021-07-01,apa_plata,100.97,99.71,102.02,100.39,0.9699999999999989,5.1,3.0,3545,8017.4
2021-07-01,bere,100.97,99.71,102.02,100.39,0.9699999999999989,5.1,3.0,3545,567.49
2021-07-01,cafea,100.97,99.71,102.02,100.39,0.9699999999999989,5.1,3.0,3545,2634.23
2021-07-01,carnati,100.97,99.71,102.02,100.39,0.9699999999999989,5.1,3.0,3545,2152.32
2021-07-01,frigider,100.97,99.71,102.02,100.39,0.9699999999999989,5.1,3.0,3545,44.2
2021-07-01,lapte,100.97,99.71,102.02,100.39,0.9699999999999989,5.1,3.0,3545,6422.77
2021-07-01,legume,100.97,99.71,102.02,100.39,0.9699999999999989,5.1,3.0,3545,2044.64
2021-07-01,masina_de_spalat,100.97,99.71,102.02,100.39,0.9699999999999989,5.1,3.0,3545,8.75
2021-07-01,orez,100.97,99.71,102.02,100.39,0.9699999999999989,5.1,3.0,3545,2741.05
2021-07-01,oua,100.97,99.71,102.02,100.39,0.9699999999999989,5.1,3.0,3545,3256.7
2021-07-01,paste,100.97,99.71,102.02,100.39,0.9699999999999989,5.1,3.0,3545,426.19
2021-07-01,peste,100.97,99.71,102.02,100.39,0.9699999999999989,5.1,3.0,3545,420.08
2021-07-01,pizza,100.97,99.71,102.02,100.39,0.9699999999999989,5.1,3.0,3545,2058.34
2021-07-01,racoritaore,100.97,99.71,102.02,100.39,0.9699999999999989,5.1,3.0,3545,1695.67
2021-07-01,servetele,100.97,99.71,102.02,100.39,0.9699999999999989,5.1,3.0,3545,2110.81
2021-07-01,ulei_soare,100.97,99.71,102.02,100.39,0.9699999999999989,5.1,3.0,3545,3584.8399999999997
2021-08-01,apa_minerala,100.24,99.95,100.34,100.43,0.23999999999999488,5.1,2.96,3487,69.66
2021-08-01,apa_plata,100.24,99.95,100.34,100.43,0.23999999999999488,5.1,2.96,3487,7057.91
2021-08-01,bere,100.24,99.95,100.34,100.43,0.23999999999999488,5.1,2.96,3487,638.82
2021-08-01,cafea,100.24,99.95,100.34,100.43,0.23999999999999488,5.1,2.96,3487,2937.7
2021-08-01,carnati,100.24,99.95,100.34,100.43,0.23999999999999488,5.1,2.96,3487,2324.38
2021-08-01,frigider,100.24,99.95,100.34,100.43,0.23999999999999488,5.1,2.96,3487,19.64
2021-08-01,lapte,100.24,99.95,100.34,100.43,0.23999999999999488,5.1,2.96,3487,6887.75
2021-08-01,legume,100.24,99.95,100.34,100.43,0.23999999999999488,5.1,2.96,3487,3235.97
2021-08-01,masina_de_spalat,100.24,99.95,100.34,100.43,0.23999999999999488,5.1,2.96,3487,36.3
2021-08-01,orez,100.24,99.95,100.34,100.43,0.23999999999999488,5.1,2.96,3487,3769.09
2021-08-01,oua,100.24,99.95,100.34,100.43,0.23999999999999488,5.1,2.96,3487,4306.94
2021-08-01,paste,100.24,99.95,100.34,100.43,0.23999999999999488,5.1,2.96,3487,706.13
2021-08-01,peste,100.24,99.95,100.34,100.43,0.23999999999999488,5.1,2.96,3487,934.87
2021-08-01,pizza,100.24,99.95,100.34,100.43,0.23999999999999488,5.1,2.96,3487,2009.36
2021-08-01,racoritaore,100.24,99.95,100.34,100.43,0.23999999999999488,5.1,2.96,3487,2569.49
2021-08-01,servetele,100.24,99.95,100.34,100.43,0.23999999999999488,5.1,2.96,3487,1695.21
2021-08-01,ulei_soare,100.24,99.95,100.34,100.43,0.23999999999999488,5.1,2.96,3487,4855.8
2021-09-01,apa_plata,100.84,100.95,100.73,100.96,0.8400000000000034,5.1,2.93,3517,7316.42
2021-09-01,bere,100.84,100.95,100.73,100.96,0.8400000000000034,5.1,2.93,3517,702.36
2021-09-01,cafea,100.84,100.95,100.73,100.96,0.8400000000000034,5.1,2.93,3517,2996.55
2021-09-01,carnati,100.84,100.95,100.73,100.96,0.8400000000000034,5.1,2.93,3517,2749.4
2021-09-01,frigider,100.84,100.95,100.73,100.96,0.8400000000000034,5.1,2.93,3517,35.36
2021-09-01,lapte,100.84,100.95,100.73,100.96,0.8400000000000034,5.1,2.93,3517,5517.82
2021-09-01,legume,100.84,100.95,100.73,100.96,0.8400000000000034,5.1,2.93,3517,3013.13
2021-09-01,masina_de_spalat,100.84,100.95,100.73,100.96,0.8400000000000034,5.1,2.93,3517,37.79
2021-09-01,orez,100.84,100.95,100.73,100.96,0.8400000000000034,5.1,2.93,3517,3788.12
2021-09-01,oua,100.84,100.95,100.73,100.96,0.8400000000000034,5.1,2.93,3517,4347.46
2021-09-01,paste,100.84,100.95,100.73,100.96,0.8400000000000034,5.1,2.93,3517,406.95
2021-09-01,peste,100.84,100.95,100.73,100.96,0.8400000000000034,5.1,2.93,3517,1193.78
2021-09-01,pizza,100.84,100.95,100.73,100.96,0.8400000000000034,5.1,2.93,3517,2975.83
2021-09-01,racoritaore,100.84,100.95,100.73,100.96,0.8400000000000034,5.1,2.93,3517,2791.4900000000002
2021-09-01,servetele,100.84,100.95,100.73,100.96,0.8400000000000034,5.1,2.93,3517,1830.61
2021-09-01,ulei_soare,100.84,100.95,100.73,100.96,0.8400000000000034,5.1,2.93,3517,5859.92
2021-10-01,apa_minerala,101.78,101.06,102.78,100.42,1.7800000000000011,5.1,2.85,3544,8.73
2021-10-01,apa_plata,101.78,101.06,102.78,100.42,1.7800000000000011,5.1,2.85,3544,7367.81
2021-10-01,bere,101.78,101.06,102.78,100.42,1.7800000000000011,5.1,2.85,3544,619.81
2021-10-01,cafea,101.78,101.06,102.78,100.42,1.7800000000000011,5.1,2.85,3544,3490.56
2021-10-01,carnati,101.78,101.06,102.78,100.42,1.7800000000000011,5.1,2.85,3544,2363.1800000000003
2021-10-01,frigider,101.78,101.06,102.78,100.42,1.7800000000000011,5.1,2.85,3544,39.28
2021-10-01,lapte,101.78,101.06,102.78,100.42,1.7800000000000011,5.1,2.85,3544,5604.55
2021-10-01,legume,101.78,101.06,102.78,100.42,1.7800000000000011,5.1,2.85,3544,3953.7999999999997
2021-10-01,masina_de_spalat,101.78,101.06,102.78,100.42,1.7800000000000011,5.1,2.85,3544,37.79
2021-10-01,orez,101.78,101.06,102.78,100.42,1.7800000000000011,5.1,2.85,3544,3468.08
2021-10-01,oua,101.78,101.06,102.78,100.42,1.7800000000000011,5.1,2.85,3544,4561.33
2021-10-01,paste,101.78,101.06,102.78,100.42,1.7800000000000011,5.1,2.85,3544,332.31
2021-10-01,peste,101.78,101.06,102.78,100.42,1.7800000000000011,5.1,2.85,3544,1300.4
2021-10-01,pizza,101.78,101.06,102.78,100.42,1.7800000000000011,5.1,2.85,3544,2435.71
2021-10-01,racoritaore,101.78,101.06,102.78,100.42,1.7800000000000011,5.1,2.85,3544,2585.48
2021-10-01,servetele,101.78,101.06,102.78,100.42,1.7800000000000011,5.1,2.85,3544,1793.77
2021-10-01,ulei_soare,101.78,101.06,102.78,100.42,1.7800000000000011,5.1,2.85,3544,5905.68
2021-11-01,apa_plata,100.0,100.73,99.47,100.2,0.0,5.1,2.76,3645,8555.37
2021-11-01,bere,100.0,100.73,99.47,100.2,0.0,5.1,2.76,3645,462.38
2021-11-01,cafea,100.0,100.73,99.47,100.2,0.0,5.1,2.76,3645,2563.84
2021-11-01,carnati,100.0,100.73,99.47,100.2,0.0,5.1,2.76,3645,2086.23
2021-11-01,lapte,100.0,100.73,99.47,100.2,0.0,5.1,2.76,3645,6142.85
2021-11-01,legume,100.0,100.73,99.47,100.2,0.0,5.1,2.76,3645,2791.9900000000002
2021-11-01,masina_de_spalat,100.0,100.73,99.47,100.2,0.0,5.1,2.76,3645,46.54
2021-11-01,orez,100.0,100.73,99.47,100.2,0.0,5.1,2.76,3645,4455.87
2021-11-01,oua,100.0,100.73,99.47,100.2,0.0,5.1,2.76,3645,4123.69
2021-11-01,paste,100.0,100.73,99.47,100.2,0.0,5.1,2.76,3645,348.51
2021-11-01,peste,100.0,100.73,99.47,100.2,0.0,5.1,2.76,3645,1703.46
2021-11-01,pizza,100.0,100.73,99.47,100.2,0.0,5.1,2.76,3645,2779.48
2021-11-01,racoritaore,100.0,100.73,99.47,100.2,0.0,5.1,2.76,3645,2207.0
2021-11-01,servetele,100.0,100.73,99.47,100.2,0.0,5.1,2.76,3645,1721.16
2021-11-01,ulei_soare,100.0,100.73,99.47,100.2,0.0,5.1,2.76,3645,6187.96
2021-12-01,apa_plata,100.71,100.84,100.74,100.42,0.7099999999999937,5.1,2.72,3879,7963.32
2021-12-01,bere,100.71,100.84,100.74,100.42,0.7099999999999937,5.1,2.72,3879,850.5600000000001
2021-12-01,cafea,100.71,100.84,100.74,100.42,0.7099999999999937,5.1,2.72,3879,3542.2799999999997
2021-12-01,carnati,100.71,100.84,100.74,100.42,0.7099999999999937,5.1,2.72,3879,2663.56
2021-12-01,frigider,100.71,100.84,100.74,100.42,0.7099999999999937,5.1,2.72,3879,8.52
2021-12-01,lapte,100.71,100.84,100.74,100.42,0.7099999999999937,5.1,2.72,3879,7849.76
2021-12-01,legume,100.71,100.84,100.74,100.42,0.7099999999999937,5.1,2.72,3879,3265.94
2021-12-01,masina_de_spalat,100.71,100.84,100.74,100.42,0.7099999999999937,5.1,2.72,3879,61.4
2021-12-01,orez,100.71,100.84,100.74,100.42,0.7099999999999937,5.1,2.72,3879,3670.16
2021-12-01,oua,100.71,100.84,100.74,100.42,0.7099999999999937,5.1,2.72,3879,4850.9
2021-12-01,paste,100.71,100.84,100.74,100.42,0.7099999999999937,5.1,2.72,3879,352.17
2021-12-01,peste,100.71,100.84,100.74,100.42,0.7099999999999937,5.1,2.72,3879,1384.59
2021-12-01,pizza,100.71,100.84,100.74,100.42,0.7099999999999937,5.1,2.72,3879,2339.94
2021-12-01,racoritaore,100.71,100.84,100.74,100.42,0.7099999999999937,5.1,2.72,3879,2743.49
2021-12-01,servetele,100.71,100.84,100.74,100.42,0.7099999999999937,5.1,2.72,3879,1982.02
2021-12-01,ulei_soare,100.71,100.84,100.74,100.42,0.7099999999999937,5.1,2.72,3879,6164.21
2022-01-01,apa_plata,101.48,101.15,101.73,101.37,1.480000000000004,13.8,2.69,3698,6943.12
2022-01-01,bere,101.48,101.15,101.73,101.37,1.480000000000004,13.8,2.69,3698,294.0
2022-01-01,cafea,101.48,101.15,101.73,101.37,1.480000000000004,13.8,2.69,3698,2876.44
2022-01-01,carnati,101.48,101.15,101.73,101.37,1.480000000000004,13.8,2.69,3698,1479.24
2022-01-01,lapte,101.48,101.15,101.73,101.37,1.480000000000004,13.8,2.69,3698,6326.73
2022-01-01,legume,101.48,101.15,101.73,101.37,1.480000000000004,13.8,2.69,3698,2373.78
2022-01-01,masina_de_spalat,101.48,101.15,101.73,101.37,1.480000000000004,13.8,2.69,3698,17.5
2022-01-01,orez,101.48,101.15,101.73,101.37,1.480000000000004,13.8,2.69,3698,3289.81
2022-01-01,oua,101.48,101.15,101.73,101.37,1.480000000000004,13.8,2.69,3698,4181.89
2022-01-01,paste,101.48,101.15,101.73,101.37,1.480000000000004,13.8,2.69,3698,354.88
2022-01-01,peste,101.48,101.15,101.73,101.37,1.480000000000004,13.8,2.69,3698,1101.81
2022-01-01,pizza,101.48,101.15,101.73,101.37,1.480000000000004,13.8,2.69,3698,2623.29
2022-01-01,racoritaore,101.48,101.15,101.73,101.37,1.480000000000004,13.8,2.69,3698,1610.68
2022-01-01,servetele,101.48,101.15,101.73,101.37,1.480000000000004,13.8,2.69,3698,1980.04
2022-01-01,ulei_soare,101.48,101.15,101.73,101.37,1.480000000000004,13.8,2.69,3698,5072.49
2022-02-01,apa_plata,100.58,101.96,99.7,100.6,0.5799999999999983,13.8,2.68,3721,8103.99
2022-02-01,bere,100.58,101.96,99.7,100.6,0.5799999999999983,13.8,2.68,3721,881.15
2022-02-01,cafea,100.58,101.96,99.7,100.6,0.5799999999999983,13.8,2.68,3721,3723.59
2022-02-01,carnati,100.58,101.96,99.7,100.6,0.5799999999999983,13.8,2.68,3721,1701.96
2022-02-01,lapte,100.58,101.96,99.7,100.6,0.5799999999999983,13.8,2.68,3721,6222.73
2022-02-01,legume,100.58,101.96,99.7,100.6,0.5799999999999983,13.8,2.68,3721,2814.53
2022-02-01,masina_de_spalat,100.58,101.96,99.7,100.6,0.5799999999999983,13.8,2.68,3721,61.71
2022-02-01,orez,100.58,101.96,99.7,100.6,0.5799999999999983,13.8,2.68,3721,3217.05
2022-02-01,oua,100.58,101.96,99.7,100.6,0.5799999999999983,13.8,2.68,3721,4699.15
2022-02-01,paste,100.58,101.96,99.7,100.6,0.5799999999999983,13.8,2.68,3721,467.11
2022-02-01,peste,100.58,101.96,99.7,100.6,0.5799999999999983,13.8,2.68,3721,1366.47
2022-02-01,pizza,100.58,101.96,99.7,100.6,0.5799999999999983,13.8,2.68,3721,2901.4
2022-02-01,racoritaore,100.58,101.96,99.7,100.6,0.5799999999999983,13.8,2.68,3721,2838.23
2022-02-01,servetele,100.58,101.96,99.7,100.6,0.5799999999999983,13.8,2.68,3721,2602.12
2022-02-01,ulei_soare,100.58,101.96,99.7,100.6,0.5799999999999983,13.8,2.68,3721,6572.86
2022-03-01,apa_plata,101.88,102.54,101.86,100.67,1.8799999999999955,13.8,2.67,3937,7920.4
2022-03-01,bere,101.88,102.54,101.86,100.67,1.8799999999999955,13.8,2.67,3937,830.4100000000001
2022-03-01,cafea,101.88,102.54,101.86,100.67,1.8799999999999955,13.8,2.67,3937,3571.31
2022-03-01,carnati,101.88,102.54,101.86,100.67,1.8799999999999955,13.8,2.67,3937,3062.63
2022-03-01,lapte,101.88,102.54,101.86,100.67,1.8799999999999955,13.8,2.67,3937,7627.41
2022-03-01,legume,101.88,102.54,101.86,100.67,1.8799999999999955,13.8,2.67,3937,4629.14
2022-03-01,masina_de_spalat,101.88,102.54,101.86,100.67,1.8799999999999955,13.8,2.67,3937,112.8
2022-03-01,orez,101.88,102.54,101.86,100.67,1.8799999999999955,13.8,2.67,3937,5079.54
2022-03-01,oua,101.88,102.54,101.86,100.67,1.8799999999999955,13.8,2.67,3937,4470.28
2022-03-01,paste,101.88,102.54,101.86,100.67,1.8799999999999955,13.8,2.67,3937,814.56
2022-03-01,peste,101.88,102.54,101.86,100.67,1.8799999999999955,13.8,2.67,3937,1546.75
2022-03-01,pizza,101.88,102.54,101.86,100.67,1.8799999999999955,13.8,2.67,3937,2995.58
2022-03-01,racoritaore,101.88,102.54,101.86,100.67,1.8799999999999955,13.8,2.67,3937,2143.11
2022-03-01,servetele,101.88,102.54,101.86,100.67,1.8799999999999955,13.8,2.67,3937,2298.99
2022-03-01,ulei_soare,101.88,102.54,101.86,100.67,1.8799999999999955,13.8,2.67,3937,5594.58
2022-04-01,apa_plata,103.74,102.56,105.45,100.94,3.739999999999995,13.8,2.64,3967,8031.31
2022-04-01,bere,103.74,102.56,105.45,100.94,3.739999999999995,13.8,2.64,3967,1010.63
2022-04-01,cafea,103.74,102.56,105.45,100.94,3.739999999999995,13.8,2.64,3967,3414.72
2022-04-01,carnati,103.74,102.56,105.45,100.94,3.739999999999995,13.8,2.64,3967,2234.96
2022-04-01,lapte,103.74,102.56,105.45,100.94,3.739999999999995,13.8,2.64,3967,6642.49
2022-04-01,legume,103.74,102.56,105.45,100.94,3.739999999999995,13.8,2.64,3967,3329.3
2022-04-01,masina_de_spalat,103.74,102.56,105.45,100.94,3.739999999999995,13.8,2.64,3967,99.64999999999999
2022-04-01,orez,103.74,102.56,105.45,100.94,3.739999999999995,13.8,2.64,3967,3464.63
2022-04-01,oua,103.74,102.56,105.45,100.94,3.739999999999995,13.8,2.64,3967,4355.17
2022-04-01,paste,103.74,102.56,105.45,100.94,3.739999999999995,13.8,2.64,3967,1514.45
2022-04-01,peste,103.74,102.56,105.45,100.94,3.739999999999995,13.8,2.64,3967,1327.34
2022-04-01,pizza,103.74,102.56,105.45,100.94,3.739999999999995,13.8,2.64,3967,3605.17
2022-04-01,racoritaore,103.74,102.56,105.45,100.94,3.739999999999995,13.8,2.64,3967,2410.5
2022-04-01,servetele,103.74,102.56,105.45,100.94,3.739999999999995,13.8,2.64,3967,1783.0
2022-04-01,ulei_soare,103.74,102.56,105.45,100.94,3.739999999999995,13.8,2.64,3967,5266.91
2022-05-01,apa_plata,101.18,101.73,101.0,100.61,1.1800000000000068,13.8,2.57,3928,9161.03
2022-05-01,bere,101.18,101.73,101.0,100.61,1.1800000000000068,13.8,2.57,3928,1040.6299999999999
2022-05-01,cafea,101.18,101.73,101.0,100.61,1.1800000000000068,13.8,2.57,3928,3371.58
2022-05-01,carnati,101.18,101.73,101.0,100.61,1.1800000000000068,13.8,2.57,3928,3032.58
2022-05-01,lapte,101.18,101.73,101.0,100.61,1.1800000000000068,13.8,2.57,3928,5652.24
2022-05-01,legume,101.18,101.73,101.0,100.61,1.1800000000000068,13.8,2.57,3928,2829.53
2022-05-01,masina_de_spalat,101.18,101.73,101.0,100.61,1.1800000000000068,13.8,2.57,3928,30.08
2022-05-01,orez,101.18,101.73,101.0,100.61,1.1800000000000068,13.8,2.57,3928,3216.84
2022-05-01,oua,101.18,101.73,101.0,100.61,1.1800000000000068,13.8,2.57,3928,3331.72
2022-05-01,paste,101.18,101.73,101.0,100.61,1.1800000000000068,13.8,2.57,3928,484.15
2022-05-01,peste,101.18,101.73,101.0,100.61,1.1800000000000068,13.8,2.57,3928,1476.41
2022-05-01,pizza,101.18,101.73,101.0,100.61,1.1800000000000068,13.8,2.57,3928,2833.75
2022-05-01,racoritaore,101.18,101.73,101.0,100.61,1.1800000000000068,13.8,2.57,3928,2253.33
2022-05-01,servetele,101.18,101.73,101.0,100.61,1.1800000000000068,13.8,2.57,3928,2807.14
2022-05-01,ulei_soare,101.18,101.73,101.0,100.61,1.1800000000000068,13.8,2.57,3928,3891.14
2022-06-01,apa_plata,100.76,100.62,100.92,100.54,0.7600000000000051,13.8,2.55,3977,8736.130000000001
2022-06-01,bere,100.76,100.62,100.92,100.54,0.7600000000000051,13.8,2.55,3977,1339.46
2022-06-01,cafea,100.76,100.62,100.92,100.54,0.7600000000000051,13.8,2.55,3977,2912.4
2022-06-01,carnati,100.76,100.62,100.92,100.54,0.7600000000000051,13.8,2.55,3977,2225.86
2022-06-01,frigider,100.76,100.62,100.92,100.54,0.7600000000000051,13.8,2.55,3977,70.72
2022-06-01,lapte,100.76,100.62,100.92,100.54,0.7600000000000051,13.8,2.55,3977,5861.33
2022-06-01,legume,100.76,100.62,100.92,100.54,0.7600000000000051,13.8,2.55,3977,2487.96
2022-06-01,masina_de_spalat,100.76,100.62,100.92,100.54,0.7600000000000051,13.8,2.55,3977,36.24
2022-06-01,orez,100.76,100.62,100.92,100.54,0.7600000000000051,13.8,2.55,3977,3467.01
2022-06-01,oua,100.76,100.62,100.92,100.54,0.7600000000000051,13.8,2.55,3977,3789.82
2022-06-01,paste,100.76,100.62,100.92,100.54,0.7600000000000051,13.8,2.55,3977,474.69
2022-06-01,peste,100.76,100.62,100.92,100.54,0.7600000000000051,13.8,2.55,3977,750.05
2022-06-01,pizza,100.76,100.62,100.92,100.54,0.7600000000000051,13.8,2.55,3977,3076.14
2022-06-01,racoritaore,100.76,100.62,100.92,100.54,0.7600000000000051,13.8,2.55,3977,2720.4700000000003
2022-06-01,servetele,100.76,100.62,100.92,100.54,0.7600000000000051,13.8,2.55,3977,1686.94
2022-06-01,ulei_soare,100.76,100.62,100.92,100.54,0.7600000000000051,13.8,2.55,3977,3680.17
2022-07-01,apa_minerala,100.89,100.92,100.87,100.88,0.8900000000000006,13.8,2.55,3975,10.38
2022-07-01,apa_plata,100.89,100.92,100.87,100.88,0.8900000000000006,13.8,2.55,3975,7802.99
2022-07-01,bere,100.89,100.92,100.87,100.88,0.8900000000000006,13.8,2.55,3975,1440.8
2022-07-01,cafea,100.89,100.92,100.87,100.88,0.8900000000000006,13.8,2.55,3975,3104.0499999999997
2022-07-01,carnati,100.89,100.92,100.87,100.88,0.8900000000000006,13.8,2.55,3975,2875.09
2022-07-01,lapte,100.89,100.92,100.87,100.88,0.8900000000000006,13.8,2.55,3975,5754.6
2022-07-01,legume,100.89,100.92,100.87,100.88,0.8900000000000006,13.8,2.55,3975,3224.3
2022-07-01,masina_de_spalat,100.89,100.92,100.87,100.88,0.8900000000000006,13.8,2.55,3975,51.63
2022-07-01,orez,100.89,100.92,100.87,100.88,0.8900000000000006,13.8,2.55,3975,3568.29
2022-07-01,oua,100.89,100.92,100.87,100.88,0.8900000000000006,13.8,2.55,3975,2910.64
2022-07-01,paste,100.89,100.92,100.87,100.88,0.8900000000000006,13.8,2.55,3975,432.37
2022-07-01,peste,100.89,100.92,100.87,100.88,0.8900000000000006,13.8,2.55,3975,1165.06
2022-07-01,pizza,100.89,100.92,100.87,100.88,0.8900000000000006,13.8,2.55,3975,2602.61
2022-07-01,racoritaore,100.89,100.92,100.87,100.88,0.8900000000000006,13.8,2.55,3975,2750.62
2022-07-01,servetele,100.89,100.92,100.87,100.88,0.8900000000000006,13.8,2.55,3975,2417.86
2022-07-01,ulei_soare,100.89,100.92,100.87,100.88,0.8900000000000006,13.8,2.55,3975,6036.24
2022-08-01,apa_minerala,100.56,101.82,99.81,100.37,0.5600000000000023,13.8,2.56,3933,42.78
2022-08-01,apa_plata,100.56,101.82,99.81,100.37,0.5600000000000023,13.8,2.56,3933,7636.66
2022-08-01,bere,100.56,101.82,99.81,100.37,0.5600000000000023,13.8,2.56,3933,1402.94
2022-08-01,cafea,100.56,101.82,99.81,100.37,0.5600000000000023,13.8,2.56,3933,4054.42
2022-08-01,carnati,100.56,101.82,99.81,100.37,0.5600000000000023,13.8,2.56,3933,2443.74
2022-08-01,lapte,100.56,101.82,99.81,100.37,0.5600000000000023,13.8,2.56,3933,5778.0
2022-08-01,legume,100.56,101.82,99.81,100.37,0.5600000000000023,13.8,2.56,3933,2707.7
2022-08-01,masina_de_spalat,100.56,101.82,99.81,100.37,0.5600000000000023,13.8,2.56,3933,36.24
2022-08-01,orez,100.56,101.82,99.81,100.37,0.5600000000000023,13.8,2.56,3933,2949.64
2022-08-01,oua,100.56,101.82,99.81,100.37,0.5600000000000023,13.8,2.56,3933,2996.69
2022-08-01,paste,100.56,101.82,99.81,100.37,0.5600000000000023,13.8,2.56,3933,594.01
2022-08-01,peste,100.56,101.82,99.81,100.37,0.5600000000000023,13.8,2.56,3933,827.77
2022-08-01,pizza,100.56,101.82,99.81,100.37,0.5600000000000023,13.8,2.56,3933,3726.59
2022-08-01,racoritaore,100.56,101.82,99.81,100.37,0.5600000000000023,13.8,2.56,3933,2640.33
2022-08-01,servetele,100.56,101.82,99.81,100.37,0.5600000000000023,13.8,2.56,3933,1769.41
2022-08-01,ulei_soare,100.56,101.82,99.81,100.37,0.5600000000000023,13.8,2.56,3933,4236.48
2022-09-01,apa_plata,101.33,101.72,101.28,100.72,1.3299999999999983,13.8,2.56,4003,6556.32
2022-09-01,bere,101.33,101.72,101.28,100.72,1.3299999999999983,13.8,2.56,4003,1250.4
2022-09-01,cafea,101.33,101.72,101.28,100.72,1.3299999999999983,13.8,2.56,4003,3883.13
2022-09-01,carnati,101.33,101.72,101.28,100.72,1.3299999999999983,13.8,2.56,4003,2723.38
2022-09-01,lapte,101.33,101.72,101.28,100.72,1.3299999999999983,13.8,2.56,4003,5501.77
2022-09-01,legume,101.33,101.72,101.28,100.72,1.3299999999999983,13.8,2.56,4003,2835.15
2022-09-01,masina_de_spalat,101.33,101.72,101.28,100.72,1.3299999999999983,13.8,2.56,4003,48.2
2022-09-01,orez,101.33,101.72,101.28,100.72,1.3299999999999983,13.8,2.56,4003,3232.4900000000002
2022-09-01,oua,101.33,101.72,101.28,100.72,1.3299999999999983,13.8,2.56,4003,4738.11
2022-09-01,paste,101.33,101.72,101.28,100.72,1.3299999999999983,13.8,2.56,4003,584.69
2022-09-01,peste,101.33,101.72,101.28,100.72,1.3299999999999983,13.8,2.56,4003,1324.0
2022-09-01,pizza,101.33,101.72,101.28,100.72,1.3299999999999983,13.8,2.56,4003,3373.73
2022-09-01,racoritaore,101.33,101.72,101.28,100.72,1.3299999999999983,13.8,2.56,4003,3439.5
2022-09-01,servetele,101.33,101.72,101.28,100.72,1.3299999999999983,13.8,2.56,4003,2552.77
2022-09-01,ulei_soare,101.33,101.72,101.28,100.72,1.3299999999999983,13.8,2.56,4003,3529.54
2022-10-01,apa_plata,101.28,102.29,100.8,100.7,1.2800000000000011,13.8,2.88,4008,6676.34
2022-10-01,bere,101.28,102.29,100.8,100.7,1.2800000000000011,13.8,2.88,4008,765.58
2022-10-01,cafea,101.28,102.29,100.8,100.7,1.2800000000000011,13.8,2.88,4008,3627.83
2022-10-01,carnati,101.28,102.29,100.8,100.7,1.2800000000000011,13.8,2.88,4008,2093.8
2022-10-01,lapte,101.28,102.29,100.8,100.7,1.2800000000000011,13.8,2.88,4008,5580.82
2022-10-01,legume,101.28,102.29,100.8,100.7,1.2800000000000011,13.8,2.88,4008,2979.84
2022-10-01,masina_de_spalat,101.28,102.29,100.8,100.7,1.2800000000000011,13.8,2.88,4008,93.32
2022-10-01,orez,101.28,102.29,100.8,100.7,1.2800000000000011,13.8,2.88,4008,3059.78
2022-10-01,oua,101.28,102.29,100.8,100.7,1.2800000000000011,13.8,2.88,4008,4312.22
2022-10-01,paste,101.28,102.29,100.8,100.7,1.2800000000000011,13.8,2.88,4008,413.15
2022-10-01,peste,101.28,102.29,100.8,100.7,1.2800000000000011,13.8,2.88,4008,927.48
2022-10-01,pizza,101.28,102.29,100.8,100.7,1.2800000000000011,13.8,2.88,4008,3290.23
2022-10-01,racoritaore,101.28,102.29,100.8,100.7,1.2800000000000011,13.8,2.88,4008,2573.2
2022-10-01,servetele,101.28,102.29,100.8,100.7,1.2800000000000011,13.8,2.88,4008,1802.01
2022-10-01,ulei_soare,101.28,102.29,100.8,100.7,1.2800000000000011,13.8,2.88,4008,4580.24
2022-11-01,apa_plata,101.25,101.54,101.03,101.31,1.25,13.8,2.96,4141,7806.97
2022-11-01,bere,101.25,101.54,101.03,101.31,1.25,13.8,2.96,4141,525.64
2022-11-01,cafea,101.25,101.54,101.03,101.31,1.25,13.8,2.96,4141,3044.88
2022-11-01,carnati,101.25,101.54,101.03,101.31,1.25,13.8,2.96,4141,3230.12
2022-11-01,frigider,101.25,101.54,101.03,101.31,1.25,13.8,2.96,4141,10.91
2022-11-01,lapte,101.25,101.54,101.03,101.31,1.25,13.8,2.96,4141,5647.67
2022-11-01,legume,101.25,101.54,101.03,101.31,1.25,13.8,2.96,4141,3256.82
2022-11-01,orez,101.25,101.54,101.03,101.31,1.25,13.8,2.96,4141,3707.9
2022-11-01,oua,101.25,101.54,101.03,101.31,1.25,13.8,2.96,4141,3596.37
2022-11-01,paste,101.25,101.54,101.03,101.31,1.25,13.8,2.96,4141,951.23
2022-11-01,peste,101.25,101.54,101.03,101.31,1.25,13.8,2.96,4141,1108.3899999999999
2022-11-01,pizza,101.25,101.54,101.03,101.31,1.25,13.8,2.96,4141,3063.59
2022-11-01,racoritaore,101.25,101.54,101.03,101.31,1.25,13.8,2.96,4141,2794.53
2022-11-01,servetele,101.25,101.54,101.03,101.31,1.25,13.8,2.96,4141,1949.98
2022-11-01,ulei_soare,101.25,101.54,101.03,101.31,1.25,13.8,2.96,4141,4295.73
2022-12-01,apa_plata,100.37,101.26,99.68,100.67,0.37000000000000455,13.8,3.04,4141,9630.35
2022-12-01,bere,100.37,101.26,99.68,100.67,0.37000000000000455,13.8,3.04,4141,487.94
2022-12-01,cafea,100.37,101.26,99.68,100.67,0.37000000000000455,13.8,3.04,4141,3688.86
2022-12-01,carnati,100.37,101.26,99.68,100.67,0.37000000000000455,13.8,3.04,4141,3101.9700000000003
2022-12-01,frigider,100.37,101.26,99.68,100.67,0.37000000000000455,13.8,3.04,4141,19.64
2022-12-01,lapte,100.37,101.26,99.68,100.67,0.37000000000000455,13.8,3.04,4141,6546.15
2022-12-01,legume,100.37,101.26,99.68,100.67,0.37000000000000455,13.8,3.04,4141,2209.25
2022-12-01,masina_de_spalat,100.37,101.26,99.68,100.67,0.37000000000000455,13.8,3.04,4141,116.28
2022-12-01,orez,100.37,101.26,99.68,100.67,0.37000000000000455,13.8,3.04,4141,3398.35
2022-12-01,oua,100.37,101.26,99.68,100.67,0.37000000000000455,13.8,3.04,4141,5114.52
2022-12-01,paste,100.37,101.26,99.68,100.67,0.37000000000000455,13.8,3.04,4141,740.53
2022-12-01,peste,100.37,101.26,99.68,100.67,0.37000000000000455,13.8,3.04,4141,1311.05
2022-12-01,pizza,100.37,101.26,99.68,100.67,0.37000000000000455,13.8,3.04,4141,2520.87
2022-12-01,racoritaore,100.37,101.26,99.68,100.67,0.37000000000000455,13.8,3.04,4141,2370.11
2022-12-01,servetele,100.37,101.26,99.68,100.67,0.37000000000000455,13.8,3.04,4141,2047.38
2022-12-01,ulei_soare,100.37,101.26,99.68,100.67,0.37000000000000455,13.8,3.04,4141,4967.01
