store_county,month_id,sales
11-Bucuresti,201901,1918.8999999999999
11-Bucuresti,201902,2173.78
11-Bucuresti,201903,2481.8
11-Bucuresti,201904,3553.16
11-Bucuresti,201905,3398.04
11-Bucuresti,201906,3850.9700000000003
11-Bucuresti,201907,4564.3
11-Bucuresti,201908,5934.18
11-Bucuresti,201909,3957.63
11-Bucuresti,201910,3712.81
11-Bucuresti,201911,2651.68
11-Bucuresti,201912,3932.7400000000002
11-Bucuresti,202001,4661.49
11-Bucuresti,202002,2198.4
11-Bucuresti,202003,2987.72
11-Bucuresti,202004,2250.2799999999997
11-Bucuresti,202005,8969.77
11-Bucuresti,202006,7713.27
11-Bucuresti,202007,4397.3099999999995
11-Bucuresti,202008,6905.7
11-Bucuresti,202009,7541.03
11-Bucuresti,202010,4646.1
11-Bucuresti,202011,3639.72
11-Bucuresti,202012,3881.87
11-Bucuresti,202101,3359.39
11-Bucuresti,202102,3269.0
11-Bucuresti,202103,4864.17
11-Bucuresti,202104,4526.35
11-Bucuresti,202105,4442.36
11-Bucuresti,202106,5289.67
11-Bucuresti,202107,5938.45
11-Bucuresti,202108,6033.03
11-Bucuresti,202109,9248.75
11-Bucuresti,202110,12380.68
11-Bucuresti,202111,7068.66
11-Bucuresti,202112,6502.31
11-Bucuresti,202201,3756.89
11-Bucuresti,202202,3710.08
11-Bucuresti,202203,8192.94
11-Bucuresti,202204,8636.369999999999
11-Bucuresti,202205,13349.26
11-Bucuresti,202206,11797.14
11-Bucuresti,202207,11484.15
11-Bucuresti,202208,9451.25
11-Bucuresti,202209,11289.16
11-Bucuresti,202210,51506.1
11-Bucuresti,202211,-4605.94
11-Bucuresti,202212,-13150.83
12-Timis,201901,1045.85
12-Timis,201902,1381.3200000000002
12-Timis,201903,1043.8600000000001
12-Timis,201904,1734.9
12-Timis,201905,1914.7
12-Timis,201906,1186.3799999999999
12-Timis,201907,1384.8
12-Timis,201908,1232.7
12-Timis,201909,1342.3
12-Timis,201910,1195.44
12-Timis,201911,620.14
12-Timis,201912,1561.31
12-Timis,202001,1247.53
12-Timis,202002,792.06
12-Timis,202003,3338.2000000000003
12-Timis,202004,1037.13
12-Timis,202005,878.08
12-Timis,202006,1573.8000000000002
12-Timis,202007,1774.9
12-Timis,202008,1694.69
12-Timis,202009,1756.28
12-Timis,202010,2620.45
12-Timis,202011,2838.1800000000003
12-Timis,202012,2099.58
12-Timis,202101,2246.94
12-Timis,202102,3487.1800000000003
12-Timis,202103,3998.15
12-Timis,202104,4315.58
12-Timis,202105,4440.92
12-Timis,202106,4661.36
12-Timis,202107,4993.83
12-Timis,202108,4429.21
12-Timis,202109,5046.47
12-Timis,202110,3507.25
12-Timis,202111,4090.19
12-Timis,202112,3691.9
12-Timis,202201,3711.18
12-Timis,202202,4833.89
12-Timis,202203,6258.54
12-Timis,202204,3804.85
12-Timis,202205,5088.35
12-Timis,202206,4052.6800000000003
12-Timis,202207,3755.36
12-Timis,202208,6727.22
12-Timis,202209,3803.8900000000003
12-Timis,202210,4011.43
12-Timis,202211,5084.1900000000005
12-Timis,202212,4867.6
13-Brasov,201901,1675.68
13-Brasov,201902,1250.72
13-Brasov,201903,1641.05
13-Brasov,201904,1320.68
13-Brasov,201905,1791.24
13-Brasov,201906,1771.81
13-Brasov,201907,1653.51
13-Brasov,201908,2130.89
13-Brasov,201909,1809.24
13-Brasov,201910,2596.58
13-Brasov,201911,1769.43
13-Brasov,201912,2312.12
13-Brasov,202001,1264.96
13-Brasov,202002,1407.01
13-Brasov,202003,1810.92
13-Brasov,202004,1057.64
13-Brasov,202005,1258.77
13-Brasov,202006,1455.49
13-Brasov,202007,1489.36
13-Brasov,202008,1631.45
13-Brasov,202009,1733.26
13-Brasov,202010,1954.5
13-Brasov,202011,1964.26
13-Brasov,202012,3671.9900000000002
13-Brasov,202101,3070.03
13-Brasov,202102,4287.63
13-Brasov,202103,2597.37
13-Brasov,202104,3240.09
13-Brasov,202105,2838.2
13-Brasov,202106,2785.81
13-Brasov,202107,3211.9900000000002
13-Brasov,202108,3854.5099999999998
13-Brasov,202109,5528.24
13-Brasov,202110,3880.82
13-Brasov,202111,4835.759999999999
13-Brasov,202112,5154.87
13-Brasov,202201,3388.54
13-Brasov,202202,5863.67
13-Brasov,202203,5777.83
13-Brasov,202204,7189.18
13-Brasov,202205,8444.3
13-Brasov,202206,6996.03
13-Brasov,202207,9455.83
13-Brasov,202208,10164.85
13-Brasov,202209,11856.7
13-Brasov,202210,9197.03
13-Brasov,202211,10112.53
13-Brasov,202212,10927.41
14-Constanta,201901,5319.8
14-Constanta,201902,4085.07
14-Constanta,201903,2761.05
14-Constanta,201904,4017.27
14-Constanta,201905,3933.59
14-Constanta,201906,2851.84
14-Constanta,201907,2804.0
14-Constanta,201908,3887.65
14-Constanta,201909,5823.53
14-Constanta,201910,5150.55
14-Constanta,201911,5537.71
14-Constanta,201912,5323.27
14-Constanta,202001,5998.32
14-Constanta,202002,6201.69
14-Constanta,202003,8791.57
14-Constanta,202004,6557.72
14-Constanta,202005,7216.72
14-Constanta,202006,7744.01
14-Constanta,202007,8899.74
14-Constanta,202008,9535.69
14-Constanta,202009,8418.98
14-Constanta,202010,6888.33
14-Constanta,202011,7545.14
14-Constanta,202012,7010.47
14-Constanta,202101,5753.56
14-Constanta,202102,6847.87
14-Constanta,202103,8107.16
14-Constanta,202104,8452.039999999999
14-Constanta,202105,8778.02
14-Constanta,202106,7343.8
14-Constanta,202107,9925.92
14-Constanta,202108,13513.57
14-Constanta,202109,9782.98
14-Constanta,202110,7526.94
14-Constanta,202111,9088.69
14-Constanta,202112,9678.77
14-Constanta,202201,9346.32
14-Constanta,202202,9337.36
14-Constanta,202203,13663.84
14-Constanta,202204,13423.07
14-Constanta,202205,12191.1
14-Constanta,202206,13206.4
14-Constanta,202207,25385.05
14-Constanta,202208,23816.08
14-Constanta,202209,19549.71
14-Constanta,202210,19060.74
14-Constanta,202211,21651.649999999998
14-Constanta,202212,17535.44
15-Cluj,201901,1649.1299999999999
15-Cluj,201902,1676.05
15-Cluj,201903,3841.56
15-Cluj,201904,1239.54
15-Cluj,201905,4988.46
15-Cluj,201906,1145.17
15-Cluj,201907,2459.21
15-Cluj,201908,3533.64
15-Cluj,201909,2948.77
15-Cluj,201910,2075.5099999999998
15-Cluj,201911,2266.86
15-Cluj,201912,2767.1400000000003
15-Cluj,202001,2093.47
15-Cluj,202002,3186.21
15-Cluj,202003,3227.07
15-Cluj,202004,19605.95
15-Cluj,202005,1935.2
15-Cluj,202006,3501.7
15-Cluj,202007,2632.23
15-Cluj,202008,3219.46
15-Cluj,202009,3267.37
15-Cluj,202010,3301.27
15-Cluj,202011,2931.55
15-Cluj,202012,2975.51
15-Cluj,202101,1031.03
15-Cluj,202102,2519.06
15-Cluj,202103,2953.12
15-Cluj,202104,2987.0099999999998
15-Cluj,202105,2227.65
15-Cluj,202106,2637.85
15-Cluj,202107,4851.38
15-Cluj,202108,7657.8
15-Cluj,202109,6143.17
15-Cluj,202110,4638.67
15-Cluj,202111,3499.16
15-Cluj,202112,2705.48
15-Cluj,202201,2480.46
15-Cluj,202202,6715.5
15-Cluj,202203,1604.36
15-Cluj,202204,5128.52
15-Cluj,202205,3087.65
15-Cluj,202206,4505.97
15-Cluj,202207,6931.17
15-Cluj,202208,7246.719999999999
15-Cluj,202209,5596.23
15-Cluj,202210,2379.72
15-Cluj,202211,4436.22
15-Cluj,202212,6384.52
16-Bacau,201901,1272.28
16-Bacau,201902,1681.23
16-Bacau,201903,1549.27
16-Bacau,201904,1122.98
16-Bacau,201905,1364.02
16-Bacau,201906,1649.8799999999999
16-Bacau,201907,782.6
16-Bacau,201908,1480.53
16-Bacau,201909,1740.81
16-Bacau,201910,1250.22
16-Bacau,201911,2214.13
16-Bacau,201912,2024.33
16-Bacau,202001,1839.66
16-Bacau,202002,4066.62
16-Bacau,202003,4734.2
16-Bacau,202004,2983.98
16-Bacau,202005,2688.7400000000002
16-Bacau,202006,2213.61
16-Bacau,202007,3026.91
16-Bacau,202008,2066.87
16-Bacau,202009,2553.93
16-Bacau,202010,2959.99
16-Bacau,202011,2097.32
16-Bacau,202012,2655.56
16-Bacau,202101,2598.65
16-Bacau,202102,1946.02
16-Bacau,202103,1462.59
16-Bacau,202104,1679.73
16-Bacau,202105,1983.77
16-Bacau,202106,1682.4
16-Bacau,202107,1907.77
16-Bacau,202108,2586.07
16-Bacau,202109,1601.54
16-Bacau,202110,2582.96
16-Bacau,202111,2768.82
16-Bacau,202112,2541.2
16-Bacau,202201,2382.12
16-Bacau,202202,2837.09
16-Bacau,202203,1598.3100000000002
16-Bacau,202204,1032.46
16-Bacau,202205,994.82
16-Bacau,202206,1138.34
16-Bacau,202207,781.4
16-Bacau,202208,477.22
16-Bacau,202209,470.54
16-Bacau,202210,457.11
16-Bacau,202211,1656.3700000000001
16-Bacau,202212,1515.39
17-Dolj,201901,4854.93
17-Dolj,201902,4316.58
17-Dolj,201903,3877.14
17-Dolj,201904,4720.86
17-Dolj,201905,3073.32
17-Dolj,201906,3411.43
17-Dolj,201907,3525.73
17-Dolj,201908,3813.14
17-Dolj,201909,4491.75
17-Dolj,201910,4366.37
17-Dolj,201911,2437.86
17-Dolj,201912,4258.59
17-Dolj,202001,4356.57
17-Dolj,202002,3837.69
17-Dolj,202003,6895.04
17-Dolj,202004,4057.8900000000003
17-Dolj,202005,2675.33
17-Dolj,202006,4135.43
17-Dolj,202007,4081.28
17-Dolj,202008,3813.89
17-Dolj,202009,3440.16
17-Dolj,202010,5153.38
17-Dolj,202011,3555.6800000000003
17-Dolj,202012,4363.11
17-Dolj,202101,4200.78
17-Dolj,202102,4143.54
17-Dolj,202103,4237.03
17-Dolj,202104,9335.26
17-Dolj,202105,3795.28
17-Dolj,202106,4702.79
17-Dolj,202107,6434.7
17-Dolj,202108,7525.24
17-Dolj,202109,7410.08
17-Dolj,202110,7648.14
17-Dolj,202111,7629.400000000001
17-Dolj,202112,6571.79
17-Dolj,202201,5311.59
17-Dolj,202202,8292.4
17-Dolj,202203,10172.83
17-Dolj,202204,7389.7300000000005
17-Dolj,202205,6327.51
17-Dolj,202206,9728.539999999999
17-Dolj,202207,13051.46
17-Dolj,202208,10774.91
17-Dolj,202209,13860.699999999999
17-Dolj,202210,10315.97
17-Dolj,202211,12265.800000000001
17-Dolj,202212,9666.710000000001
18-Bucuresti,201901,3812.01
18-Bucuresti,201902,4234.7699999999995
18-Bucuresti,201903,5081.42
18-Bucuresti,201904,4488.94
18-Bucuresti,201905,3290.13
18-Bucuresti,201906,3284.91
18-Bucuresti,201907,3664.45
18-Bucuresti,201908,4604.5199999999995
18-Bucuresti,201909,3939.04
18-Bucuresti,201910,3665.69
18-Bucuresti,201911,3888.12
18-Bucuresti,201912,3600.4500000000003
18-Bucuresti,202001,3945.29
18-Bucuresti,202002,11473.22
18-Bucuresti,202003,5855.9
18-Bucuresti,202004,4864.25
18-Bucuresti,202005,3799.08
18-Bucuresti,202006,3632.9
18-Bucuresti,202007,4756.1900000000005
18-Bucuresti,202008,10141.66
18-Bucuresti,202009,16992.1
18-Bucuresti,202010,23142.97
18-Bucuresti,202011,30168.52
18-Bucuresti,202012,26973.66
18-Bucuresti,202101,21194.78
18-Bucuresti,202102,5144.650000000001
18-Bucuresti,202103,4624.17
18-Bucuresti,202104,5980.59
18-Bucuresti,202105,5795.75
18-Bucuresti,202106,4441.0
18-Bucuresti,202107,4977.8
18-Bucuresti,202108,5799.72
18-Bucuresti,202109,5658.71
18-Bucuresti,202110,5217.82
18-Bucuresti,202111,5222.83
18-Bucuresti,202112,8030.030000000001
18-Bucuresti,202201,5714.34
18-Bucuresti,202202,5602.96
18-Bucuresti,202203,9782.22
18-Bucuresti,202204,5140.53
18-Bucuresti,202205,8533.28
18-Bucuresti,202206,5311.74
18-Bucuresti,202207,7581.53
18-Bucuresti,202208,7572.71
18-Bucuresti,202209,10481.64
18-Bucuresti,202210,9435.39
18-Bucuresti,202211,7782.56
18-Bucuresti,202212,8749.63
19-Bihor,201901,1443.07
19-Bihor,201902,1192.83
19-Bihor,201903,1619.05
19-Bihor,201904,4283.29
19-Bihor,201905,7813.63
19-Bihor,201906,5831.24
19-Bihor,201907,9054.06
19-Bihor,201908,6858.68
19-Bihor,201909,6419.69
19-Bihor,201910,4403.47
19-Bihor,201911,4946.65
19-Bihor,201912,3137.82
19-Bihor,202001,1184.35
19-Bihor,202002,2908.94
19-Bihor,202003,1837.71
19-Bihor,202004,1169.91
19-Bihor,202005,913.0
19-Bihor,202006,3110.7
19-Bihor,202007,5936.71
19-Bihor,202008,8041.0199999999995
19-Bihor,202009,7632.799999999999
19-Bihor,202010,6584.44
19-Bihor,202011,2755.44
19-Bihor,202012,1807.94
19-Bihor,202101,2797.75
19-Bihor,202102,3901.3
19-Bihor,202103,2947.3
19-Bihor,202104,3882.21
19-Bihor,202105,3867.14
19-Bihor,202106,3898.3
19-Bihor,202107,7495.41
19-Bihor,202108,4715.37
19-Bihor,202109,5590.69
19-Bihor,202110,4906.78
19-Bihor,202111,7165.04
19-Bihor,202112,6790.6900000000005
19-Bihor,202201,3926.33
19-Bihor,202202,5467.75
19-Bihor,202203,7937.63
19-Bihor,202204,7129.97
19-Bihor,202205,9423.98
19-Bihor,202206,10527.55
19-Bihor,202207,10961.83
19-Bihor,202208,16929.31
19-Bihor,202209,17550.14
19-Bihor,202210,20961.53
19-Bihor,202211,12944.26
19-Bihor,202212,16684.13
20-Iasi,201901,2494.34
20-Iasi,201902,1386.26
20-Iasi,201903,1919.8
20-Iasi,201904,2176.49
20-Iasi,201905,3106.9
20-Iasi,201906,2457.43
20-Iasi,201907,2190.51
20-Iasi,201908,2649.86
20-Iasi,201909,2764.57
20-Iasi,201910,2546.34
20-Iasi,201911,2320.61
20-Iasi,201912,2735.43
20-Iasi,202001,2146.98
20-Iasi,202002,2530.23
20-Iasi,202003,4982.820000000001
20-Iasi,202004,2122.36
20-Iasi,202005,2453.3300000000004
20-Iasi,202006,1822.73
20-Iasi,202007,1630.16
20-Iasi,202008,2804.04
20-Iasi,202009,2889.5
20-Iasi,202010,3918.4
20-Iasi,202011,3940.78
20-Iasi,202012,3696.2
20-Iasi,202101,4284.07
20-Iasi,202102,2815.48
20-Iasi,202103,3485.61
20-Iasi,202104,3385.98
20-Iasi,202105,3681.81
20-Iasi,202106,3272.47
20-Iasi,202107,5249.429999999999
20-Iasi,202108,5563.32
20-Iasi,202109,4346.59
20-Iasi,202110,5487.38
20-Iasi,202111,5834.15
20-Iasi,202112,5847.3099999999995
20-Iasi,202201,6748.13
20-Iasi,202202,6580.32
20-Iasi,202203,14199.11
20-Iasi,202204,14639.65
20-Iasi,202205,5006.01
20-Iasi,202206,5325.37
20-Iasi,202207,9915.75
20-Iasi,202208,9182.34
20-Iasi,202209,7962.38
20-Iasi,202210,10197.79
20-Iasi,202211,8901.4
20-Iasi,202212,9287.97
21-Sibiu,201901,607.16
21-Sibiu,201902,380.53
21-Sibiu,201903,255.64
21-Sibiu,201904,163.09
21-Sibiu,201905,448.11
21-Sibiu,201906,236.9
21-Sibiu,201907,149.42
21-Sibiu,201908,642.69
21-Sibiu,201909,440.96000000000004
21-Sibiu,201910,334.25
21-Sibiu,201911,687.24
21-Sibiu,201912,1253.29
21-Sibiu,202001,904.9499999999999
21-Sibiu,202002,1341.14
21-Sibiu,202003,1734.91
21-Sibiu,202004,267.95
21-Sibiu,202005,510.64
21-Sibiu,202006,722.8
21-Sibiu,202007,1034.35
21-Sibiu,202008,2644.12
21-Sibiu,202009,1770.39
21-Sibiu,202010,7382.16
21-Sibiu,202011,5919.3
21-Sibiu,202012,4917.54
21-Sibiu,202101,3796.0099999999998
21-Sibiu,202102,5785.04
21-Sibiu,202103,5156.62
21-Sibiu,202104,6380.69
21-Sibiu,202105,5803.46
21-Sibiu,202106,4492.82
21-Sibiu,202107,7899.36
21-Sibiu,202108,13417.449999999999
21-Sibiu,202109,13557.47
21-Sibiu,202110,14990.33
21-Sibiu,202111,15616.57
21-Sibiu,202112,24427.25
21-Sibiu,202201,16436.03
21-Sibiu,202202,13043.55
21-Sibiu,202203,16848.1
21-Sibiu,202204,12949.44
21-Sibiu,202205,14814.81
21-Sibiu,202206,15344.35
21-Sibiu,202207,17604.37
21-Sibiu,202208,16386.6
21-Sibiu,202209,20152.96
21-Sibiu,202210,19765.52
21-Sibiu,202211,18123.44
21-Sibiu,202212,21456.57
22-Prahova,201901,5531.69
22-Prahova,201902,6051.900000000001
22-Prahova,201903,4491.57
22-Prahova,201904,6855.900000000001
22-Prahova,201905,5362.41
22-Prahova,201906,6120.36
22-Prahova,201907,4411.5
22-Prahova,201908,4422.29
22-Prahova,201909,4957.51
22-Prahova,201910,6251.75
22-Prahova,201911,6992.62
22-Prahova,201912,5577.46
22-Prahova,202001,6355.01
22-Prahova,202002,5545.87
22-Prahova,202003,6198.49
22-Prahova,202004,5050.15
22-Prahova,202005,5507.7
22-Prahova,202006,5631.91
22-Prahova,202007,7356.5
22-Prahova,202008,6855.65
22-Prahova,202009,5487.03
22-Prahova,202010,5889.33
22-Prahova,202011,5991.13
22-Prahova,202012,5868.49
22-Prahova,202101,5049.34
22-Prahova,202102,4953.53
22-Prahova,202103,4738.2
22-Prahova,202104,3899.97
22-Prahova,202105,3194.03
22-Prahova,202106,5058.19
22-Prahova,202107,6179.26
22-Prahova,202108,7109.94
22-Prahova,202109,5276.09
22-Prahova,202110,5203.26
22-Prahova,202111,8025.69
22-Prahova,202112,5612.59
22-Prahova,202201,4968.9
22-Prahova,202202,6508.97
22-Prahova,202203,9434.24
22-Prahova,202204,6469.71
22-Prahova,202205,8492.52
22-Prahova,202206,10729.92
22-Prahova,202207,8747.06
22-Prahova,202208,8171.55
22-Prahova,202209,8846.3
22-Prahova,202210,7689.79
22-Prahova,202211,11007.07
22-Prahova,202212,9510.19
23-Mures,201901,6653.06
23-Mures,201902,5531.83
23-Mures,201903,6001.78
23-Mures,201904,4625.36
23-Mures,201905,4710.68
23-Mures,201906,5536.94
23-Mures,201907,7012.22
23-Mures,201908,6730.77
23-Mures,201909,7269.62
23-Mures,201910,6386.99
23-Mures,201911,8233.31
23-Mures,201912,7142.65
23-Mures,202001,6285.6
23-Mures,202002,6488.3099999999995
23-Mures,202003,6303.63
23-Mures,202004,3358.55
23-Mures,202005,4594.03
23-Mures,202006,5420.32
23-Mures,202007,5544.110000000001
23-Mures,202008,5923.77
23-Mures,202009,6415.29
23-Mures,202010,8591.96
23-Mures,202011,7609.7
23-Mures,202012,6701.25
23-Mures,202101,4266.1
23-Mures,202102,5446.3
23-Mures,202103,7498.030000000001
23-Mures,202104,4731.76
23-Mures,202105,6707.47
23-Mures,202106,5000.09
23-Mures,202107,8423.81
23-Mures,202108,5802.62
23-Mures,202109,7544.71
23-Mures,202110,7990.67
23-Mures,202111,6814.73
23-Mures,202112,6887.5599999999995
23-Mures,202201,6526.5
23-Mures,202202,5826.72
23-Mures,202203,8357.68
23-Mures,202204,5795.04
23-Mures,202205,7010.25
23-Mures,202206,7954.86
23-Mures,202207,7865.5
23-Mures,202208,6793.15
23-Mures,202209,8041.93
23-Mures,202210,6678.67
23-Mures,202211,7712.74
23-Mures,202212,7792.14
24-Galati,201901,3142.0299999999997
24-Galati,201902,3320.38
24-Galati,201903,2614.85
24-Galati,201904,3732.59
24-Galati,201905,2847.87
24-Galati,201906,2603.02
24-Galati,201907,3654.36
24-Galati,201908,3212.71
24-Galati,201909,3150.17
24-Galati,201910,2755.94
24-Galati,201911,5083.89
24-Galati,201912,3094.34
24-Galati,202001,2803.84
24-Galati,202002,2783.6800000000003
24-Galati,202003,2485.73
24-Galati,202004,2283.5099999999998
24-Galati,202005,2758.3
24-Galati,202006,3289.73
24-Galati,202007,2806.55
24-Galati,202008,3741.42
24-Galati,202009,3772.92
24-Galati,202010,2587.8199999999997
24-Galati,202011,5277.34
24-Galati,202012,4149.09
24-Galati,202101,3456.91
24-Galati,202102,2972.37
24-Galati,202103,3956.3999999999996
24-Galati,202104,4685.56
24-Galati,202105,5273.99
24-Galati,202106,4142.09
24-Galati,202107,4590.17
24-Galati,202108,4847.1
24-Galati,202109,6159.92
24-Galati,202110,3894.58
24-Galati,202111,4279.83
24-Galati,202112,3650.3900000000003
24-Galati,202201,4888.78
24-Galati,202202,4458.4
24-Galati,202203,6262.52
24-Galati,202204,5366.31
24-Galati,202205,5000.39
24-Galati,202206,5399.32
24-Galati,202207,6443.69
24-Galati,202208,5059.04
24-Galati,202209,6030.87
24-Galati,202210,7358.57
24-Galati,202211,7941.45
24-Galati,202212,7801.0
25-Maramures,201901,952.4499999999999
25-Maramures,201902,914.4
25-Maramures,201903,1025.01
25-Maramures,201904,1186.13
25-Maramures,201905,1179.67
25-Maramures,201906,1126.69
25-Maramures,201907,701.76
25-Maramures,201908,2422.98
25-Maramures,201909,2017.9
25-Maramures,201910,1512.41
25-Maramures,201911,1600.7
25-Maramures,201912,1106.22
25-Maramures,202001,1900.32
25-Maramures,202002,2023.15
25-Maramures,202003,1210.3700000000001
25-Maramures,202004,1507.8
25-Maramures,202005,1770.35
25-Maramures,202006,1821.27
25-Maramures,202007,2318.44
25-Maramures,202008,3264.22
25-Maramures,202009,3459.1
25-Maramures,202010,2114.5
25-Maramures,202011,2381.42
25-Maramures,202012,2884.93
25-Maramures,202101,2523.06
25-Maramures,202102,2056.96
25-Maramures,202103,3454.0899999999997
25-Maramures,202104,2650.29
25-Maramures,202105,2850.85
25-Maramures,202106,2815.85
25-Maramures,202107,3125.66
25-Maramures,202108,2790.9700000000003
25-Maramures,202109,2624.98
25-Maramures,202110,2716.91
25-Maramures,202111,2819.5699999999997
25-Maramures,202112,3256.66
25-Maramures,202201,3684.27
25-Maramures,202202,5200.3
25-Maramures,202203,4812.9400000000005
25-Maramures,202204,3437.51
25-Maramures,202205,3205.11
25-Maramures,202206,2582.8
25-Maramures,202207,2980.13
25-Maramures,202208,3042.02
25-Maramures,202209,2561.87
25-Maramures,202210,3508.96
25-Maramures,202211,2575.95
25-Maramures,202212,2622.14
26-Suceava,201901,1826.94
26-Suceava,201902,986.54
26-Suceava,201903,1130.25
26-Suceava,201904,1968.69
26-Suceava,201905,1027.49
26-Suceava,201906,1101.7
26-Suceava,201907,962.97
26-Suceava,201908,1679.4
26-Suceava,201909,874.38
26-Suceava,201910,1126.67
26-Suceava,201911,968.46
26-Suceava,201912,1411.85
26-Suceava,202001,1136.09
26-Suceava,202002,1307.13
26-Suceava,202003,2378.89
26-Suceava,202004,2296.4
26-Suceava,202005,1875.53
26-Suceava,202006,1456.92
26-Suceava,202007,2122.16
26-Suceava,202008,1236.6599999999999
26-Suceava,202009,943.0699999999999
26-Suceava,202010,2074.25
26-Suceava,202011,1386.49
26-Suceava,202012,2698.38
26-Suceava,202101,1436.78
26-Suceava,202102,1435.71
26-Suceava,202103,1306.1100000000001
26-Suceava,202104,1272.02
26-Suceava,202105,1512.1399999999999
26-Suceava,202106,1253.95
26-Suceava,202107,1415.12
26-Suceava,202108,2017.63
26-Suceava,202109,1662.23
26-Suceava,202110,2340.7599999999998
26-Suceava,202111,2831.81
26-Suceava,202112,3120.91
26-Suceava,202201,3831.33
26-Suceava,202202,4250.43
26-Suceava,202203,4864.28
26-Suceava,202204,3628.64
26-Suceava,202205,3795.71
26-Suceava,202206,4242.22
26-Suceava,202207,4305.76
26-Suceava,202208,2937.71
26-Suceava,202209,3929.12
26-Suceava,202210,5265.76
26-Suceava,202211,3107.11
26-Suceava,202212,5567.6
27-Bucuresti,201901,8220.72
27-Bucuresti,201902,7932.56
27-Bucuresti,201903,8211.95
27-Bucuresti,201904,8300.78
27-Bucuresti,201905,10024.7
27-Bucuresti,201906,8226.78
27-Bucuresti,201907,7971.18
27-Bucuresti,201908,6682.99
27-Bucuresti,201909,8023.1900000000005
27-Bucuresti,201910,10566.95
27-Bucuresti,201911,11066.5
27-Bucuresti,201912,9327.14
27-Bucuresti,202001,8499.82
27-Bucuresti,202002,8641.78
27-Bucuresti,202003,9736.14
27-Bucuresti,202004,5137.08
27-Bucuresti,202005,5731.07
27-Bucuresti,202006,4126.82
27-Bucuresti,202007,5775.09
27-Bucuresti,202008,6794.29
27-Bucuresti,202009,7590.93
27-Bucuresti,202010,9060.09
27-Bucuresti,202011,8737.769999999999
27-Bucuresti,202012,8518.14
27-Bucuresti,202101,7581.85
27-Bucuresti,202102,7544.08
27-Bucuresti,202103,12091.34
27-Bucuresti,202104,8700.89
27-Bucuresti,202105,8929.76
27-Bucuresti,202106,7930.78
27-Bucuresti,202107,7890.39
27-Bucuresti,202108,9517.02
27-Bucuresti,202109,9422.039999999999
27-Bucuresti,202110,8159.28
27-Bucuresti,202111,12737.34
27-Bucuresti,202112,10222.49
27-Bucuresti,202201,8921.51
27-Bucuresti,202202,8590.32
27-Bucuresti,202203,11767.72
27-Bucuresti,202204,9999.16
27-Bucuresti,202205,12950.63
27-Bucuresti,202206,10129.41
27-Bucuresti,202207,10482.58
27-Bucuresti,202208,10750.35
27-Bucuresti,202209,11734.59
27-Bucuresti,202210,12614.12
27-Bucuresti,202211,8731.02
27-Bucuresti,202212,10554.76
28-Arges,201901,4840.65
28-Arges,201902,3008.5
28-Arges,201903,3240.77
28-Arges,201904,3731.62
28-Arges,201905,3175.46
28-Arges,201906,3561.42
28-Arges,201907,3531.33
28-Arges,201908,2225.11
28-Arges,201909,4455.03
28-Arges,201910,4213.02
28-Arges,201911,4767.09
28-Arges,201912,4382.23
28-Arges,202001,3474.25
28-Arges,202002,3206.04
28-Arges,202003,4321.7
28-Arges,202004,2170.21
28-Arges,202005,2572.33
28-Arges,202006,3579.6
28-Arges,202007,4665.99
28-Arges,202008,5212.55
28-Arges,202009,3524.44
28-Arges,202010,4508.28
28-Arges,202011,4315.31
28-Arges,202012,3874.4500000000003
28-Arges,202101,4215.32
28-Arges,202102,3327.05
28-Arges,202103,4371.67
28-Arges,202104,4366.32
28-Arges,202105,4645.92
28-Arges,202106,6282.2
28-Arges,202107,6311.71
28-Arges,202108,6342.91
28-Arges,202109,9005.25
28-Arges,202110,7501.78
28-Arges,202111,6352.6
28-Arges,202112,8003.68
28-Arges,202201,4946.48
28-Arges,202202,5354.71
28-Arges,202203,10202.47
28-Arges,202204,8751.14
28-Arges,202205,5963.76
28-Arges,202206,7939.47
28-Arges,202207,9495.01
28-Arges,202208,9747.59
28-Arges,202209,8010.72
28-Arges,202210,5284.47
28-Arges,202211,6272.99
28-Arges,202212,7311.98
29-Timis,201901,115.54
29-Timis,201902,127.39
29-Timis,201903,313.2
29-Timis,201904,379.63
29-Timis,201905,418.29
29-Timis,201906,592.6
29-Timis,201907,1213.82
29-Timis,201908,1406.5
29-Timis,201909,1712.6399999999999
29-Timis,201910,2058.3
29-Timis,201911,2194.27
29-Timis,201912,2049.92
29-Timis,202001,2266.4
29-Timis,202002,2414.16
29-Timis,202003,2080.2999999999997
29-Timis,202004,607.39
29-Timis,202005,1457.36
29-Timis,202006,1958.11
29-Timis,202007,1593.1100000000001
29-Timis,202008,1616.8899999999999
29-Timis,202009,2499.7799999999997
29-Timis,202010,1331.35
29-Timis,202011,1044.41
29-Timis,202012,2006.43
29-Timis,202101,1715.1800000000003
29-Timis,202102,1866.48
29-Timis,202103,2397.12
29-Timis,202104,2221.06
29-Timis,202105,1080.83
29-Timis,202106,1839.5400000000002
29-Timis,202107,1882.35
29-Timis,202108,3933.52
29-Timis,202109,1786.88
29-Timis,202110,1057.8700000000001
29-Timis,202111,856.9100000000001
29-Timis,202112,574.02
29-Timis,202201,566.9100000000001
29-Timis,202202,873.13
29-Timis,202203,1277.68
29-Timis,202204,717.56
29-Timis,202205,1338.44
29-Timis,202206,762.69
29-Timis,202207,622.17
29-Timis,202208,1002.16
29-Timis,202209,335.78
29-Timis,202210,765.76
29-Timis,202211,919.25
29-Timis,202212,940.1
30-Brasov,201901,111.02
30-Brasov,201902,129.05
30-Brasov,201903,244.48000000000002
30-Brasov,201904,152.41
30-Brasov,201905,99.77
30-Brasov,201906,153.06
30-Brasov,201907,60.89
30-Brasov,201908,233.38
30-Brasov,201909,108.05
30-Brasov,201910,193.88
30-Brasov,201911,197.51
30-Brasov,201912,220.20000000000002
30-Brasov,202001,940.97
30-Brasov,202002,1142.01
30-Brasov,202003,356.3
30-Brasov,202004,303.78
30-Brasov,202005,147.68
30-Brasov,202006,173.17
30-Brasov,202007,286.48
30-Brasov,202008,343.49
30-Brasov,202009,299.96
30-Brasov,202010,401.46000000000004
30-Brasov,202011,238.85999999999999
30-Brasov,202012,482.89
30-Brasov,202101,560.3299999999999
30-Brasov,202102,774.1
30-Brasov,202103,318.57
30-Brasov,202104,848.8000000000001
30-Brasov,202105,255.91
30-Brasov,202106,80.50999999999999
30-Brasov,202107,252.39
30-Brasov,202108,502.78999999999996
30-Brasov,202109,642.59
30-Brasov,202110,327.46000000000004
30-Brasov,202111,713.09
30-Brasov,202112,1005.82
30-Brasov,202201,1483.51
30-Brasov,202202,1540.96
30-Brasov,202203,1508.1699999999998
30-Brasov,202204,275.37
30-Brasov,202205,140.85999999999999
30-Brasov,202206,295.65
30-Brasov,202207,348.78
30-Brasov,202208,361.35
30-Brasov,202209,308.95000000000005
30-Brasov,202210,150.37
30-Brasov,202211,448.56
30-Brasov,202212,435.03000000000003
31-Constanta,201901,1777.02
31-Constanta,201902,2728.31
31-Constanta,201903,1861.39
31-Constanta,201904,1770.03
31-Constanta,201905,1589.33
31-Constanta,201906,2222.1
31-Constanta,201907,2994.0099999999998
31-Constanta,201908,2942.25
31-Constanta,201909,2428.98
31-Constanta,201910,3411.61
31-Constanta,201911,2475.38
31-Constanta,201912,1798.36
31-Constanta,202001,2629.59
31-Constanta,202002,2135.74
31-Constanta,202003,2863.4
31-Constanta,202004,1557.3600000000001
31-Constanta,202005,2171.04
31-Constanta,202006,2760.03
31-Constanta,202007,2737.5
31-Constanta,202008,4731.55
31-Constanta,202009,3354.93
31-Constanta,202010,2257.87
31-Constanta,202011,2589.56
31-Constanta,202012,1854.8700000000001
31-Constanta,202101,3025.6
31-Constanta,202102,2834.97
31-Constanta,202103,3038.71
31-Constanta,202104,3353.28
31-Constanta,202105,3122.99
31-Constanta,202106,3883.4900000000002
31-Constanta,202107,4584.2
31-Constanta,202108,5057.9400000000005
31-Constanta,202109,3585.9
31-Constanta,202110,4235.09
31-Constanta,202111,3487.21
31-Constanta,202112,3596.92
31-Constanta,202201,3593.85
31-Constanta,202202,2496.18
31-Constanta,202203,2513.4700000000003
31-Constanta,202204,4770.18
31-Constanta,202205,4518.0
31-Constanta,202206,4942.86
31-Constanta,202207,4957.45
31-Constanta,202208,5221.12
31-Constanta,202209,3794.83
31-Constanta,202210,3863.44
31-Constanta,202211,4001.63
31-Constanta,202212,3275.83
32-Bucuresti,201901,3634.27
32-Bucuresti,201902,2768.39
32-Bucuresti,201903,2004.51
32-Bucuresti,201904,2486.33
32-Bucuresti,201905,2089.87
32-Bucuresti,201906,2779.56
32-Bucuresti,201907,3309.02
32-Bucuresti,201908,2516.64
32-Bucuresti,201909,4652.849999999999
32-Bucuresti,201910,3440.55
32-Bucuresti,201911,3612.08
32-Bucuresti,201912,3771.98
32-Bucuresti,202001,4431.5
32-Bucuresti,202002,2925.59
32-Bucuresti,202003,4158.65
32-Bucuresti,202004,2199.2400000000002
32-Bucuresti,202005,3266.02
32-Bucuresti,202006,3604.1
32-Bucuresti,202007,5438.94
32-Bucuresti,202008,4743.24
32-Bucuresti,202009,6113.9
32-Bucuresti,202010,7067.54
32-Bucuresti,202011,6327.49
32-Bucuresti,202012,4850.75
32-Bucuresti,202101,5425.78
32-Bucuresti,202102,5773.59
32-Bucuresti,202103,7948.45
32-Bucuresti,202104,7655.51
32-Bucuresti,202105,6122.2
32-Bucuresti,202106,7307.87
32-Bucuresti,202107,5633.79
32-Bucuresti,202108,7529.22
32-Bucuresti,202109,5145.29
32-Bucuresti,202110,6055.91
32-Bucuresti,202111,8519.41
32-Bucuresti,202112,6721.01
32-Bucuresti,202201,6561.8
32-Bucuresti,202202,5758.52
32-Bucuresti,202203,9652.51
32-Bucuresti,202204,5623.87
32-Bucuresti,202205,5889.63
32-Bucuresti,202206,3540.04
32-Bucuresti,202207,4417.4
32-Bucuresti,202208,4610.23
32-Bucuresti,202209,3793.5299999999997
32-Bucuresti,202210,4004.9
32-Bucuresti,202211,6244.79
32-Bucuresti,202212,4391.21
34-Arad,201901,26.64
34-Arad,201902,48.1
34-Arad,201903,211.60999999999999
34-Arad,201904,481.34000000000003
34-Arad,201905,594.9599999999999
34-Arad,201906,128.79
34-Arad,201907,144.52
34-Arad,201908,94.31
34-Arad,201909,182.0
34-Arad,201910,268.25
34-Arad,201911,149.19
34-Arad,201912,172.85
34-Arad,202001,228.54
34-Arad,202002,274.07
34-Arad,202003,820.98
34-Arad,202004,169.48
34-Arad,202005,127.92
34-Arad,202006,255.04000000000002
34-Arad,202007,182.69
34-Arad,202008,327.37
34-Arad,202009,177.12
34-Arad,202010,231.2
34-Arad,202011,254.22
34-Arad,202012,539.14
34-Arad,202101,344.05
34-Arad,202102,431.92
34-Arad,202103,186.48
34-Arad,202104,194.74
34-Arad,202105,408.74
34-Arad,202106,266.03000000000003
34-Arad,202107,17.73
34-Arad,202108,133.92000000000002
34-Arad,202109,89.0
34-Arad,202110,112.64999999999999
34-Arad,202111,630.09
34-Arad,202112,338.99
34-Arad,202201,261.69
34-Arad,202202,359.31
34-Arad,202203,188.36
34-Arad,202204,282.69
34-Arad,202205,200.39
34-Arad,202206,168.9
34-Arad,202207,217.11
34-Arad,202208,175.98000000000002
34-Arad,202209,70.62
34-Arad,202210,223.28
34-Arad,202211,410.33000000000004
34-Arad,202212,400.65999999999997
35-Hunedoara,201901,1631.56
35-Hunedoara,201902,1423.0
35-Hunedoara,201903,1544.78
35-Hunedoara,201904,1573.2
35-Hunedoara,201905,3667.75
35-Hunedoara,201906,1978.6599999999999
35-Hunedoara,201907,3887.58
35-Hunedoara,201908,3290.55
35-Hunedoara,201909,2640.7
35-Hunedoara,201910,4134.66
35-Hunedoara,201911,1934.96
35-Hunedoara,201912,3050.3
35-Hunedoara,202001,2020.66
35-Hunedoara,202002,1990.99
35-Hunedoara,202003,4314.1900000000005
35-Hunedoara,202004,2356.1
35-Hunedoara,202005,2086.22
35-Hunedoara,202006,2221.35
35-Hunedoara,202007,2338.56
35-Hunedoara,202008,1558.93
35-Hunedoara,202009,2382.52
35-Hunedoara,202010,2189.94
35-Hunedoara,202011,2289.6
35-Hunedoara,202012,3459.14
35-Hunedoara,202101,2368.51
35-Hunedoara,202102,2476.77
35-Hunedoara,202103,2931.12
35-Hunedoara,202104,2849.16
35-Hunedoara,202105,1666.6000000000001
35-Hunedoara,202106,3345.9700000000003
35-Hunedoara,202107,5500.5
35-Hunedoara,202108,4853.63
35-Hunedoara,202109,4994.03
35-Hunedoara,202110,4801.05
35-Hunedoara,202111,4072.81
35-Hunedoara,202112,3943.2
35-Hunedoara,202201,3642.68
35-Hunedoara,202202,3655.31
35-Hunedoara,202203,3158.92
35-Hunedoara,202204,4142.33
35-Hunedoara,202205,4168.99
35-Hunedoara,202206,4798.37
35-Hunedoara,202207,7161.62
35-Hunedoara,202208,7215.1
35-Hunedoara,202209,5701.04
35-Hunedoara,202210,5775.77
35-Hunedoara,202211,4808.6900000000005
35-Hunedoara,202212,5809.59
36-Bucuresti,201901,877.84
36-Bucuresti,201902,690.65
36-Bucuresti,201903,464.06
36-Bucuresti,201904,350.21000000000004
36-Bucuresti,201905,164.29
36-Bucuresti,201906,1806.55
36-Bucuresti,201907,173.34
36-Bucuresti,201908,167.65
36-Bucuresti,201909,131.07999999999998
36-Bucuresti,201910,57.68000000000001
36-Bucuresti,201911,119.03
36-Bucuresti,201912,63.03
36-Bucuresti,202001,15.0
36-Bucuresti,202002,65.41
36-Bucuresti,202003,1105.92
36-Bucuresti,202004,7.630000000000001
36-Bucuresti,202005,92.47
36-Bucuresti,202006,263.18
36-Bucuresti,202007,133.49
36-Bucuresti,202008,112.63
36-Bucuresti,202009,229.35000000000002
36-Bucuresti,202010,39.34
36-Bucuresti,202011,1138.73
36-Bucuresti,202012,1590.52
36-Bucuresti,202101,4696.1900000000005
36-Bucuresti,202102,4445.049999999999
36-Bucuresti,202103,2855.28
36-Bucuresti,202104,2284.38
36-Bucuresti,202105,6651.280000000001
36-Bucuresti,202106,7960.65
36-Bucuresti,202107,6096.780000000001
36-Bucuresti,202108,8197.87
36-Bucuresti,202109,8165.219999999999
36-Bucuresti,202110,6769.07
36-Bucuresti,202111,7140.59
36-Bucuresti,202112,6724.06
36-Bucuresti,202201,10661.29
36-Bucuresti,202202,8590.689999999999
36-Bucuresti,202203,12675.65
36-Bucuresti,202204,6737.889999999999
36-Bucuresti,202205,14985.39
36-Bucuresti,202206,11936.48
36-Bucuresti,202207,16080.69
36-Bucuresti,202208,19799.43
36-Bucuresti,202209,8010.9400000000005
36-Bucuresti,202210,6801.03
36-Bucuresti,202211,11011.929999999998
36-Bucuresti,202212,12330.36
40-Buzau,202210,4.3
40-Buzau,202212,14.84
53-Satu Mare,201901,67.84
53-Satu Mare,201904,122.12
53-Satu Mare,201906,73.72
53-Satu Mare,201908,64.68
53-Satu Mare,201912,41.94
53-Satu Mare,202002,127.06
53-Satu Mare,202004,247.35000000000002
53-Satu Mare,202005,331.1
53-Satu Mare,202006,392.13
53-Satu Mare,202007,212.66000000000003
53-Satu Mare,202008,209.92
53-Satu Mare,202009,131.01
53-Satu Mare,202010,265.15
53-Satu Mare,202011,165.75
53-Satu Mare,202012,90.56
53-Satu Mare,202101,104.44
53-Satu Mare,202102,118.75
53-Satu Mare,202103,143.97
53-Satu Mare,202104,172.07999999999998
53-Satu Mare,202105,29.19
53-Satu Mare,202106,226.16
53-Satu Mare,202107,591.81
53-Satu Mare,202108,125.14
53-Satu Mare,202109,345.53000000000003
53-Satu Mare,202110,22.32
53-Satu Mare,202111,22.32
53-Satu Mare,202112,274.76
53-Satu Mare,202201,10.38
53-Satu Mare,202202,2.73
53-Satu Mare,202203,76.14
53-Satu Mare,202204,403.09
53-Satu Mare,202205,433.76
53-Satu Mare,202206,367.79
53-Satu Mare,202207,353.75
53-Satu Mare,202208,344.1
53-Satu Mare,202209,41.72
53-Satu Mare,202210,86.69999999999999
53-Satu Mare,202212,80.84
54-Neamt,201901,113.88
54-Neamt,201902,9.1
54-Neamt,201903,195.06
54-Neamt,201904,77.84
54-Neamt,201906,50.83
54-Neamt,201907,60.3
54-Neamt,201908,51.72
54-Neamt,201909,29.740000000000002
54-Neamt,201910,80.08
54-Neamt,201911,102.94
54-Neamt,201912,74.25
54-Neamt,202002,47.330000000000005
54-Neamt,202003,132.0
54-Neamt,202004,4.25
54-Neamt,202006,594.24
54-Neamt,202007,1256.21
54-Neamt,202008,1320.0
54-Neamt,202009,2349.72
54-Neamt,202010,901.19
54-Neamt,202011,453.23999999999995
54-Neamt,202012,1345.14
54-Neamt,202101,2043.07
54-Neamt,202102,2075.46
54-Neamt,202103,1639.3200000000002
54-Neamt,202104,837.02
54-Neamt,202105,118.8
54-Neamt,202106,107.97
54-Neamt,202107,4302.62
54-Neamt,202108,1392.54
54-Neamt,202109,3365.4
54-Neamt,202111,3992.4
54-Neamt,202112,2458.95
54-Neamt,202201,4603.200000000001
54-Neamt,202202,787.2
54-Neamt,202203,1065.0199999999998
54-Neamt,202204,1535.4
54-Neamt,202205,2667.48
54-Neamt,202206,3146.25
54-Neamt,202207,5143.5
54-Neamt,202208,3272.1
54-Neamt,202211,14.22
58-Cluj,201902,22.080000000000002
58-Cluj,201903,21.0
58-Cluj,201904,289.56
58-Cluj,201906,16.08
58-Cluj,201907,411.55
58-Cluj,201908,835.42
58-Cluj,201912,17.16
58-Cluj,202001,44.67
58-Cluj,202002,53.64
58-Cluj,202003,67.12
58-Cluj,202005,43.160000000000004
58-Cluj,202006,102.08
58-Cluj,202007,16.080000000000002
58-Cluj,202008,26.509999999999998
58-Cluj,202009,109.0
58-Cluj,202010,20.4
58-Cluj,202012,15.13
58-Cluj,202101,40.32
58-Cluj,202103,43.87
58-Cluj,202104,16.39
58-Cluj,202105,53.53
58-Cluj,202106,292.11
58-Cluj,202107,209.83
58-Cluj,202108,68.39
58-Cluj,202109,105.67
58-Cluj,202110,32.379999999999995
58-Cluj,202112,166.8
58-Cluj,202201,258.54
58-Cluj,202202,241.87
58-Cluj,202203,67.5
58-Cluj,202204,704.5
58-Cluj,202205,203.01
58-Cluj,202206,109.91
58-Cluj,202207,226.42
58-Cluj,202208,98.93
58-Cluj,202212,72.32
